ID,ƒzƒXƒg–¼,IPƒAƒhƒŒƒX
845,patpc701.ccmaster,133.101.64.80
846,patpc702.ccmaster,133.101.64.81
847,patpc703.ccmaster,133.101.64.82
871,infopc31.ccmaster,133.101.64.161
872,infopc32.ccmaster,133.101.64.162
873,infopc33.ccmaster,133.101.64.163
874,infopc34.ccmaster,133.101.64.164
875,infopc35.ccmaster,133.101.64.165
876,infopc36.ccmaster,133.101.64.166
877,infopc37.ccmaster,133.101.64.167
878,infopc38.ccmaster,133.101.64.168
879,infopc39.ccmaster,133.101.64.169
880,infopc40.ccmaster,133.101.64.170
881,infopc41.ccmaster,133.101.64.171
882,infopc42.ccmaster,133.101.64.172
896,micspc21.ccmaster,133.101.64.181
897,micspc22.ccmaster,133.101.64.182
898,micspc23.ccmaster,133.101.64.183
899,micspc24.ccmaster,133.101.64.184
900,micspc00.ccmaster,133.101.64.245
901,micspc01.ccmaster,133.101.64.249
909,ccgpmc01,133.101.64.242
910,ccgpmc02,133.101.64.243
916,icrent01.ccmaster,133.101.69.1
917,icrent02.ccmaster,133.101.69.2
918,icrent03.ccmaster,133.101.69.3
919,icrent04.ccmaster,133.101.69.4
920,icrent05.ccmaster,133.101.69.5
921,icrent06.ccmaster,133.101.69.6
922,icrent07.ccmaster,133.101.69.7
923,icrent08.ccmaster,133.101.69.8
924,icrent09.ccmaster,133.101.69.9
925,icrent10.ccmaster,133.101.69.10
926,icrent11.ccmaster,133.101.69.11
927,icrent12.ccmaster,133.101.69.12
928,icrent13.ccmaster,133.101.69.13
929,icopen01.ccmaster,133.101.69.14
930,icopen02.ccmaster,133.101.69.15
931,icopen03.ccmaster,133.101.69.16
932,icopen04.ccmaster,133.101.69.17
933,icopen05.ccmaster,133.101.69.18
934,icopen06.ccmaster,133.101.69.19
935,icopen07.ccmaster,133.101.69.20
936,icopen08.ccmaster,133.101.69.21
937,icopen09.ccmaster,133.101.69.22
938,icopen10.ccmaster,133.101.69.23
939,icopen11.ccmaster,133.101.69.24
940,icopen12.ccmaster,133.101.69.25
941,wrpc0026.ccmaster,133.101.69.26
942,wrpc0027.ccmaster,133.101.69.27
943,wrpc0028.ccmaster,133.101.69.28
944,wrpc0029.ccmaster,133.101.69.29
945,wrpc0030.ccmaster,133.101.69.30
946,wrpc0031.ccmaster,133.101.69.31
947,wrpc0032.ccmaster,133.101.69.32
948,wrpc0033.ccmaster,133.101.69.33
949,wrpc0034.ccmaster,133.101.69.34
950,wrpc0035.ccmaster,133.101.69.35
951,wrpc0036.ccmaster,133.101.69.36
952,wrpc0037.ccmaster,133.101.69.37
953,wrpc0038.ccmaster,133.101.69.38
954,wrpc0039.ccmaster,133.101.69.39
955,wrpc0040.ccmaster,133.101.69.40
956,wrpc0041.ccmaster,133.101.69.41
957,wrpc0042.ccmaster,133.101.69.42
958,wrpc0043.ccmaster,133.101.69.43
959,wrpc0044.ccmaster,133.101.69.44
960,wrpc0045.ccmaster,133.101.69.45
961,wrpc0046.ccmaster,133.101.69.46
962,wrpc0047.ccmaster,133.101.69.47
963,wrpc0048.ccmaster,133.101.69.48
964,wrpc0049.ccmaster,133.101.69.49
965,wrpc0050.ccmaster,133.101.69.50
966,wrpc0051.ccmaster,133.101.69.51
967,wrpc0052.ccmaster,133.101.69.52
968,wrpc0053.ccmaster,133.101.69.53
969,wrpc0054.ccmaster,133.101.69.54
970,wrpc0055.ccmaster,133.101.69.55
971,wrpc0056.ccmaster,133.101.69.56
972,wrpc0057.ccmaster,133.101.69.57
973,wrpc0058.ccmaster,133.101.69.58
974,wrpc0059.ccmaster,133.101.69.59
975,wrpc0060.ccmaster,133.101.69.60
976,wrpc0061.ccmaster,133.101.69.61
977,wrpc0062.ccmaster,133.101.69.62
978,wrpc0063.ccmaster,133.101.69.63
979,wrpc0064.ccmaster,133.101.69.64
980,wrpc0065.ccmaster,133.101.69.65
981,wrpc0066.ccmaster,133.101.69.66
982,wrpc0067.ccmaster,133.101.69.67
983,wrpc0068.ccmaster,133.101.69.68
984,wrpc0069.ccmaster,133.101.69.69
985,wrpc0070.ccmaster,133.101.69.70
986,wrpc0071.ccmaster,133.101.69.71
987,wrpc0072.ccmaster,133.101.69.72
988,wrpc0073.ccmaster,133.101.69.73
989,wrpc0074.ccmaster,133.101.69.74
990,wrpc0075.ccmaster,133.101.69.75
991,wrpc0076.ccmaster,133.101.69.76
992,wrpc0077.ccmaster,133.101.69.77
993,wrpc0078.ccmaster,133.101.69.78
994,wrpc0079.ccmaster,133.101.69.79
995,wrpc0080.ccmaster,133.101.69.80
996,wrpc0081.ccmaster,133.101.69.81
997,wrpc0082.ccmaster,133.101.69.82
998,wrpc0083.ccmaster,133.101.69.83
999,wrpc0084.ccmaster,133.101.69.84
1000,wrpc0085.ccmaster,133.101.69.85
1001,wrpc0086.ccmaster,133.101.69.86
1002,wrpc0087.ccmaster,133.101.69.87
1003,wrpc0088.ccmaster,133.101.69.88
1004,wrpc0089.ccmaster,133.101.69.89
1005,wrpc0090.ccmaster,133.101.69.90
1006,wrpc0091.ccmaster,133.101.69.91
1007,wrpc0092.ccmaster,133.101.69.92
1008,wrpc0093.ccmaster,133.101.69.93
1009,wrpc0094.ccmaster,133.101.69.94
1010,wrpc0095.ccmaster,133.101.69.95
1598,tckp2040.ccmaster,133.101.183.135
1599,tckp2050.ccmaster,133.101.183.136
1600,tckp3030.ccmaster,133.101.183.139
1601,tckp3040.ccmaster,133.101.183.140
1602,tckp3050.ccmaster,133.101.183.141
1603,tckp3060.ccmaster,133.101.183.142
1604,tckp4010.ccmaster,133.101.183.143
1605,srkp2040.ccmaster,133.101.182.224
1606,ndkpb010.ccmaster,133.101.182.16
1607,ndkp1010.ccmaster,133.101.182.17
1608,ndkp1210.ccmaster,133.101.182.18
1609,ndkp1240.ccmaster,133.101.182.19
1610,ndkp3010.ccmaster,133.101.182.20
1611,ndkp3210.ccmaster,133.101.182.21
1612,ndkp3020.ccmaster,133.101.182.22
1613,ndkp3030.ccmaster,133.101.182.23
1614,ndkp3040.ccmaster,133.101.182.24
1615,ndkp3050.ccmaster,133.101.182.25
1616,ndkp3060.ccmaster,133.101.182.26
1617,ndkp3070.ccmaster,133.101.182.27
1618,ndkp3080.ccmaster,133.101.182.28
1619,sgkp2090.ccmaster,133.101.182.93
1621,nakp4050.ccmaster,133.101.182.31
1622,nakp4060.ccmaster,133.101.182.32
1623,srkp3030.ccmaster,133.101.182.232
1624,srkp3040.ccmaster,133.101.182.233
1625,srkp3050.ccmaster,133.101.182.234
1626,srkp3060.ccmaster,133.101.182.235
1628,tckp4020.ccmaster,133.101.183.144
1629,tckp4030.ccmaster,133.101.183.145
1640,nbkp2010.ccmaster,133.101.182.50
1641,nbkp3020.ccmaster,133.101.182.51
1642,nbkp3030.ccmaster,133.101.182.52
1643,nbkp3040.ccmaster,133.101.182.53
1644,nbkp3060.ccmaster,133.101.182.54
1645,nbkp3070.ccmaster,133.101.182.55
1646,nbkp3080.ccmaster,133.101.182.56
1647,nbkp3090.ccmaster,133.101.182.57
1648,nbkp3100.ccmaster,133.101.182.58
1649,nbkp4010.ccmaster,133.101.182.59
1650,nbkp4020.ccmaster,133.101.182.60
1651,nbkp4030.ccmaster,133.101.182.61
1652,nbkp4050.ccmaster,133.101.182.62
1653,nbkp4060.ccmaster,133.101.182.63
1654,nbkp4070.ccmaster,133.101.182.64
1655,nbkp4080.ccmaster,133.101.182.65
1656,nekp1020.ccmaster,133.101.182.66
1657,nekp1030.ccmaster,133.101.182.67
1658,nekp1040.ccmaster,133.101.182.68
1659,nekp1060.ccmaster,133.101.182.69
1660,nekp1070.ccmaster,133.101.182.70
1661,nekp1080.ccmaster,133.101.182.71
1662,bykp4050.ccmaster,133.101.182.72
1663,bykp4060.ccmaster,133.101.182.73
1664,nbkp2050.ccmaster,133.101.182.74
1665,nbkp2030.ccmaster,133.101.182.75
1666,nbkp2040.ccmaster,133.101.182.76
1667,mvkp0001.ccmaster,133.101.182.211
1668,mvkp0002.ccmaster,133.101.182.212
1669,srkp2020.ccmaster,133.101.182.222
1670,srkp2030.ccmaster,133.101.182.223
1671,sgkp2010.ccmaster,133.101.182.96
1672,sgkp2020.ccmaster,133.101.182.97
1673,sgkp2030.ccmaster,133.101.182.98
1674,sgkp2040.ccmaster,133.101.182.99
1675,sgkp2050.ccmaster,133.101.182.100
1676,sgkp2060.ccmaster,133.101.182.101
1677,sgkp2150.ccmaster,133.101.182.102
1678,sgkp2160.ccmaster,133.101.182.103
1679,sgkp2170.ccmaster,133.101.182.104
1680,sgkp2180.ccmaster,133.101.182.105
1681,sgkp2190.ccmaster,133.101.182.106
1682,sgkp3010.ccmaster,133.101.182.107
1683,sgkp3020.ccmaster,133.101.182.108
1684,sgkp3030.ccmaster,133.101.182.109
1685,sgkp3040.ccmaster,133.101.182.110
1686,sgkp3050.ccmaster,133.101.182.111
1687,sgkp3060.ccmaster,133.101.182.112
1688,sgkp3070.ccmaster,133.101.182.113
1689,sgkp3080.ccmaster,133.101.182.114
1690,sgkp3090.ccmaster,133.101.182.115
1691,sgkp3100.ccmaster,133.101.182.116
1692,sgkp3110.ccmaster,133.101.182.117
1693,sgkp3120.ccmaster,133.101.182.118
1694,sgkp3130.ccmaster,133.101.182.119
1695,sgkp3140.ccmaster,133.101.182.120
1696,sgkp3150.ccmaster,133.101.182.121
1697,sgkp4010.ccmaster,133.101.182.122
1698,sgkp4020.ccmaster,133.101.182.123
1699,sgkp4030.ccmaster,133.101.182.124
1700,sgkp4040.ccmaster,133.101.182.125
1701,sgkp4050.ccmaster,133.101.182.126
1702,sgkp4060.ccmaster,133.101.182.127
1703,sgkp4070.ccmaster,133.101.182.128
1704,sgkp4080.ccmaster,133.101.182.129
1705,sgkp4100.ccmaster,133.101.182.130
1706,sgkp4110.ccmaster,133.101.182.131
1707,sgkp4120.ccmaster,133.101.182.132
1708,sgkp4130.ccmaster,133.101.182.133
1709,sgkp4140.ccmaster,133.101.182.134
1710,sgkp4150.ccmaster,133.101.182.135
1711,sgkp5010.ccmaster,133.101.182.136
1712,sgkp5020.ccmaster,133.101.182.137
1713,sgkp5030.ccmaster,133.101.182.138
1714,sgkp5040.ccmaster,133.101.182.139
1715,sgkp5050.ccmaster,133.101.182.140
1716,sgkp5060.ccmaster,133.101.182.141
1717,sgkp5070.ccmaster,133.101.182.142
1718,sgkp5080.ccmaster,133.101.182.143
1719,sgkp5090.ccmaster,133.101.182.144
1720,sgkp5100.ccmaster,133.101.182.145
1721,sgkp5110.ccmaster,133.101.182.146
1722,sgkp5120.ccmaster,133.101.182.147
1724,nakp3030.ccmaster,133.101.182.159
1725,mvkp0005.ccmaster,133.101.182.215
1726,srkp3070.ccmaster,133.101.182.236
1728,srkp2050.ccmaster,133.101.182.225
1729,srkp3010.ccmaster,133.101.182.230
1730,srkp3020.ccmaster,133.101.182.231
1731,srkp4010.ccmaster,133.101.182.242
1732,srkp4020.ccmaster,133.101.182.243
1733,srkp5010.ccmaster,133.101.182.249
1734,srkp5020.ccmaster,133.101.182.250
1735,srkp5030.ccmaster,133.101.182.251
1736,srkp5040.ccmaster,133.101.182.252
1737,srkp5050.ccmaster,133.101.182.253
1741,mvkp0011.ccmaster,133.101.182.201
1742,srkp2070.ccmaster,133.101.182.226
1743,srkp2080.ccmaster,133.101.182.227
1744,srkp2090.ccmaster,133.101.182.228
1745,srkp2100.ccmaster,133.101.182.229
1746,srkp3080.ccmaster,133.101.182.237
1747,srkp3090.ccmaster,133.101.182.238
1748,srkp3100.ccmaster,133.101.182.239
1749,srkp3110.ccmaster,133.101.182.240
1750,srkp3120.ccmaster,133.101.182.241
1751,srkp4030.ccmaster,133.101.182.244
1752,srkp4040.ccmaster,133.101.182.245
1753,srkp4050.ccmaster,133.101.182.246
1754,srkp4060.ccmaster,133.101.182.247
1755,srkp4070.ccmaster,133.101.182.248
1756,srkp5060.ccmaster,133.101.182.254
1757,srkp5070.ccmaster,133.101.182.5
1758,srkp5080.ccmaster,133.101.183.6
1759,srkp5090.ccmaster,133.101.183.1
1760,srkp5100.ccmaster,133.101.183.2
1761,srkp5110.ccmaster,133.101.183.3
1762,srkp5120.ccmaster,133.101.183.4
1769,nbkp3010.ccmaster,133.101.183.7
1770,nbkp3050.ccmaster,133.101.183.8
1771,nbkp4040.ccmaster,133.101.183.9
1781,n5kp2210.ccmaster,133.101.183.19
1782,n5kp2220.ccmaster,133.101.183.20
1783,n5kp2230.ccmaster,133.101.183.21
1784,n5kp2240.ccmaster,133.101.183.22
1785,n5kp2250.ccmaster,133.101.183.23
1786,n5kp2260.ccmaster,133.101.183.24
1787,n5kp2270.ccmaster,133.101.183.25
1788,n5kp2280.ccmaster,133.101.183.26
1789,n5kp2290.ccmaster,133.101.183.27
1790,n5kp2300.ccmaster,133.101.183.28
1791,n5kp3010.ccmaster,133.101.183.29
1792,n5kp3020.ccmaster,133.101.183.30
1793,n5kp3030.ccmaster,133.101.183.31
1794,n5kp3210.ccmaster,133.101.183.32
1795,n5kp3220.ccmaster,133.101.183.33
1796,n5kp3230.ccmaster,133.101.183.34
1797,n5kp3240.ccmaster,133.101.183.35
1798,n5kp4010.ccmaster,133.101.183.36
1799,n5kp4020.ccmaster,133.101.183.37
1800,n5kp4030.ccmaster,133.101.183.38
1801,n5kp4040.ccmaster,133.101.183.39
1802,n5kp4050.ccmaster,133.101.183.40
1803,n5kp4060.ccmaster,133.101.183.41
1804,n5kp4070.ccmaster,133.101.183.42
1805,n6kp4010.ccmaster,133.101.183.43
1806,n6kp4020.ccmaster,133.101.183.44
1807,n6kp3010.ccmaster,133.101.183.45
1808,n6kp3020.ccmaster,133.101.183.46
1809,n6kp2010.ccmaster,133.101.183.47
1810,n6kp2020.ccmaster,133.101.183.48
1811,nckp2010.ccmaster,133.101.183.52
1812,nckp3010.ccmaster,133.101.183.53
1813,nckp3030.ccmaster,133.101.183.54
1814,nckp3040.ccmaster,133.101.183.55
1815,nckp3050.ccmaster,133.101.183.56
1816,nckp3060.ccmaster,133.101.183.57
1817,nckp3220.ccmaster,133.101.183.58
1818,nckp3230.ccmaster,133.101.183.59
1819,nckp4010.ccmaster,133.101.183.60
1820,nckp4020.ccmaster,133.101.183.61
1821,nckp4030.ccmaster,133.101.183.62
1822,nckp4040.ccmaster,133.101.183.63
1823,nckp4050.ccmaster,133.101.183.64
1824,nckp4210.ccmaster,133.101.183.65
1825,nckp4220.ccmaster,133.101.183.66
1826,nckp4240.ccmaster,133.101.183.67
1827,nckp4250.ccmaster,133.101.183.68
1828,nckp5010.ccmaster,133.101.183.69
1829,nckp5020.ccmaster,133.101.183.70
1830,nckp5030.ccmaster,133.101.183.71
1831,nckp5040.ccmaster,133.101.183.72
1832,nckp5210.ccmaster,133.101.183.73
1833,nckp5240.ccmaster,133.101.183.75
1834,nckp5250.ccmaster,133.101.183.76
1835,k4kpb060.ccmaster,133.101.183.77
1836,k4kpb070.ccmaster,133.101.183.78
1837,k4kpb080.ccmaster,133.101.183.79
1838,nckp5220.ccmaster,133.101.183.80
1841,tckp2010.ccmaster,133.101.183.132
1842,tckp2020.ccmaster,133.101.183.133
1843,tckp2030.ccmaster,133.101.183.134
1844,tckp3010.ccmaster,133.101.183.137
1845,tckp3020.ccmaster,133.101.183.138
1971,sgkp5130.ccmaster,133.101.182.148
2069,patpc704.ccmaster,133.101.64.83
2070,patpc705.ccmaster,133.101.64.84
2074,k4pc2100.ccmaster,133.101.76.150
2075,k4pc2101.ccmaster,133.101.76.151
2076,k4pc2102.ccmaster,133.101.76.152
2077,k4pc2103.ccmaster,133.101.76.153
2078,k4pc2104.ccmaster,133.101.76.154
2079,k4pc2105.ccmaster,133.101.76.155
2095,wrpc0096.ccmaster,133.101.76.196
2096,wrpc0097.ccmaster,133.101.76.197
2097,wrpc0098.ccmaster,133.101.76.198
2098,wrpc0099.ccmaster,133.101.76.199
2129,rentpc01.ccmaster,133.101.183.112
2130,rentpc02.ccmaster,133.101.183.113
2131,rentpc03.ccmaster,133.101.183.114
2132,rentpc04.ccmaster,133.101.183.115
2133,rentpc05.ccmaster,133.101.183.116
2134,rentpc06.ccmaster,133.101.183.117
2135,rentpc07.ccmaster,133.101.183.118
2136,rentpc08.ccmaster,133.101.183.119
2137,rentpc09.ccmaster,133.101.183.120
2138,rentpc10.ccmaster,133.101.183.121
2139,rentpc11.ccmaster,133.101.183.122
2140,rentpc12.ccmaster,133.101.183.123
2141,rentpc13.ccmaster,133.101.183.124
2142,n5pc5200.ccmaster,133.101.74.64
2144,micspc25.ccmaster,133.101.64.185
2145,micspc26.ccmaster,133.101.64.186
2146,patpc706.ccmaster,133.101.64.85
2147,patpc801.ccmaster,133.101.183.101
2148,patpc802.ccmaster,133.101.183.102
2149,patpc803.ccmaster,133.101.183.103
2150,patpc804.ccmaster,133.101.183.104
2151,patpc805.ccmaster,133.101.183.105
2152,patpc806.ccmaster,133.101.183.106
2153,mvkp0003.ccmaster,133.101.182.213
2154,mvkp0004.ccmaster,133.101.182.214
2155,rentpc14.ccmaster,133.101.183.125
2156,rentpc15.ccmaster,133.101.183.126
2157,rentpc16.ccmaster,133.101.183.127
2158,rentpc17.ccmaster,133.101.183.128
2159,rentpc18.ccmaster,133.101.183.129
2160,rentpc19.ccmaster,133.101.183.130
2161,rentpc20.ccmaster,133.101.183.131
2164,mvkp0006.ccmaster,133.101.182.216
2171,mvkp0012.ccmaster,133.101.182.202
2172,mvkp0013.ccmaster,133.101.182.203
2173,patpc101.ccmaster,133.101.182.81
2174,patpc102.ccmaster,133.101.182.82
2175,patpc103.ccmaster,133.101.182.83
2176,patpc104.ccmaster,133.101.182.84
2177,patpc105.ccmaster,133.101.182.85
2180,mvkp0014.ccmaster,133.101.182.204
2181,patpc106.ccmaster,133.101.182.86
2182,patpc107.ccmaster,133.101.182.87
2183,nakp2010.ccmaster,133.101.182.153
2184,nakp2020.ccmaster,133.101.182.154
2185,nakp2030.ccmaster,133.101.182.155
2186,nakp2040.ccmaster,133.101.182.156
2187,nakp2050.ccmaster,133.101.182.157
2188,nakp2060.ccmaster,133.101.182.158
2189,nakp3020.ccmaster,133.101.182.159
2190,nakp4010.ccmaster,133.101.182.161
2191,nakp4030.ccmaster,133.101.182.162
2192,natp3f01.ccmaster,133.101.83.1
2193,natp3f02.ccmaster,133.101.83.2
2194,natp4f01.ccmaster,133.101.83.3
2195,natp4f02.ccmaster,133.101.83.4
2196,nbkp2020.ccmaster,133.101.182.49
2197,nbtp1f01.ccmaster,133.101.83.5
2198,nckp3020.ccmaster,133.101.183.51
2199,ndtp2f01.ccmaster,133.101.83.6
2200,ndtp2f02.ccmaster,133.101.83.7
2201,netp1f01.ccmaster,133.101.83.8
2202,nftp1f01.ccmaster,133.101.83.9
2203,n5kp2010.ccmaster,133.101.183.17
2204,n5kp2020.ccmaster,133.101.183.18
2205,n5tp1f01.ccmaster,133.101.83.10
2206,n5tp1f02.ccmaster,133.101.83.11
2207,n5tp1f03.ccmaster,133.101.83.12
2208,n5tp1f04.ccmaster,133.101.83.13
2209,n9tp3f01.ccmaster,133.101.83.14
2210,sgkp2070.ccmaster,133.101.182.91
2211,sgkp2080.ccmaster,133.101.182.92
2212,sgkp2140.ccmaster,133.101.182.94
2213,sgtp1f01.ccmaster,133.101.83.15
2214,sgtp1f02.ccmaster,133.101.83.16
2215,sgtp1f03.ccmaster,133.101.83.17
2216,sgtp1f04.ccmaster,133.101.83.18
2217,srtp2f01.ccmaster,133.101.83.19
2218,srtp2f02.ccmaster,133.101.83.20
2219,srtp2f03.ccmaster,133.101.83.21
2220,sttp2f01.ccmaster,133.101.83.22
2221,tctp2f01.ccmaster,133.101.83.23
2222,bytp3f01.ccmaster,133.101.83.24
2223,patpc108.ccmaster,133.101.182.88
2224,patpc109.ccmaster,133.101.182.89
2225,patpc110.ccmaster,133.101.182.90
2226,patpc111.ccmaster,133.101.182.80
2227,patpc807.ccmaster,133.101.183.107
2228,patpc501.ccmaster,133.101.64.91
2229,patpc502.ccmaster,133.101.64.92
2230,patpc503.ccmaster,133.101.64.93
2231,patpc504.ccmaster,133.101.64.94
2232,n4entp01.ccmaster,133.101.65.1
2233,n4entp02.ccmaster,133.101.65.2
2234,n4entp03.ccmaster,133.101.65.3
2235,n4entp04.ccmaster,133.101.65.4
2236,n4entp05.ccmaster,133.101.65.5
2237,n4entp06.ccmaster,133.101.65.6
2238,n4entp07.ccmaster,133.101.65.7
2239,n4entp08.ccmaster,133.101.65.8
2240,jhpc0001.ccmaster,133.101.65.21
2241,cctepra2,133.101.64.102
2242,rentpc21.ccmaster,133.101.183.151
2243,rentpc22.ccmaster,133.101.183.152
2244,rentpc23.ccmaster,133.101.183.153
2245,rentpc24.ccmaster,133.101.183.154
2246,n4entp09.ccmaster,133.101.65.9
2247,n4entp10.ccmaster,133.101.65.10
2248,n4entp11.ccmaster,133.101.65.11
2249,n4entp12.ccmaster,133.101.65.12
2250,n4entp13.ccmaster,133.101.65.13
2251,n4entp14.ccmaster,133.101.65.14
2252,n4entp15.ccmaster,133.101.65.15
2253,n4entp16.ccmaster,133.101.65.16
2254,jhpc0002.ccmaster,133.101.65.22
