ID,シリアルナンバー,設置建屋,階,設置場所,ホスト情報,MACアドレス,無線MACアドレス,備考,所属,機種,種別,OS起動種別,貸出PC用MACグループ,情セ管理番号,大学管財番号,4階層図用種別,ベンダー
967,54015643E,12,4,情報センター,872,40:c2:ba:46:f7:26,a0:d3:65:44:8c:9d,渡邉さん,1,13,8,3,0,,2024-00733(040),,9
969,54015186E,12,4,情報センター,874,40:c2:ba:46:d4:22,a0:d3:65:22:0e:5c,石堂さん，マウスあり,1,13,8,3,0,,2024-00733(042),,9
970,54015197E,12,4,情報センター,882,40:c2:ba:b8:ac:3a,a0:d3:65:22:0d:f3,,1,13,8,3,0,,2024-00733(043),,9
993,54015212E,12,4,情報センター,871,40:c2:ba:47:08:d1,a0:d3:65:22:0d:d5,野村さん,1,13,8,3,0,,2024-00733(039),,9
1227,R0102279,12,4,MiCSカウンター,916,68:84:7e:94:84:d7,08:71:90:ed:e6:f8,,1,5,24,2,1,,,2,2
1228,R0102356,12,4,MiCSカウンター,917,68:84:7e:94:89:3c,0c:dd:24:f9:c8:b5,,1,5,24,2,1,,,2,2
1229,R0102317,12,4,MiCSカウンター,918,68:84:7e:94:86:e8,0c:dd:24:f9:d2:c4,,1,5,24,2,1,,,2,2
1230,R0102283,12,4,MiCSカウンター,919,68:84:7e:94:85:10,08:71:90:ee:7a:19,,1,5,24,2,1,,,2,2
1231,R0102321,12,4,MiCSカウンター,920,68:84:7e:94:87:24,0c:dd:24:f9:d2:97,,1,5,24,2,1,,,2,2
1232,R0102282,12,4,MiCSカウンター,921,68:84:7e:94:85:01,08:71:90:ed:ef:18,,1,5,24,2,1,,,2,2
1233,R0102270,12,4,MiCSカウンター,922,68:84:7e:94:84:63,08:71:90:ee:79:65,,1,5,24,2,1,,,2,2
1234,R0102386,12,4,MiCSカウンター,923,68:84:7e:94:89:eb,0c:7a:15:a6:0b:ee,,1,5,24,2,1,,,2,2
1235,R0102344,12,4,MiCSカウンター,924,68:84:7e:94:88:70,0c:dd:24:f9:ca:8b,,1,5,24,2,1,,,2,2
1236,R0102385,12,4,MiCSカウンター,925,68:84:7e:94:89:dc,0c:dd:24:f9:c9:0a,,1,5,24,2,1,,,2,2
1237,R0102292,12,4,開発作業室,926,68:84:7e:94:85:99,08:71:90:ee:79:f1,,1,5,26,2,1,,,2,2
1238,R0102329,12,4,開発作業室,927,68:84:7e:94:87:9c,0c:dd:24:f9:c5:31,,1,5,26,2,1,,,2,2
1239,R0102300,12,4,開発作業室,928,68:84:7e:94:86:08,08:71:90:ed:ed:1f,,1,5,26,2,1,,,2,2
1240,R0102351,12,4,10301教室,929,68:84:7e:94:89:0c,0c:dd:24:f9:81:70,,1,5,25,2,1,,,2,2
1241,R0102328,12,4,10301教室,930,68:84:7e:94:87:8e,0c:dd:24:f9:c5:59,,1,5,25,2,1,,,2,2
1242,R0102284,12,4,10301教室,931,68:84:7e:94:85:1c,08:71:90:ee:7a:00,,1,5,25,2,1,,,2,2
1243,R0102301,12,4,10301教室,932,68:84:7e:94:86:1c,08:71:90:ed:ec:93,,1,5,25,2,1,,,2,2
1244,R0102327,12,4,10301教室,933,68:84:7e:94:87:83,0c:dd:24:f9:c5:86,,1,5,25,2,1,,,2,2
1245,R0102345,12,2,107,934,68:84:7e:94:88:79,0c:dd:24:f9:c4:fa,,1,5,25,2,1,,,2,2
1246,R0102276,12,2,107,935,68:84:7e:94:84:af,08:71:90:ee:79:e2,,1,5,25,2,1,,,2,2
1247,R0102585,12,2,107,936,68:84:7e:94:89:b0,0c:dd:24:f9:c8:0b,BIOS電池切れ1回あり,1,5,25,2,1,,,2,2
1248,R0102274,12,2,107,937,68:84:7e:94:84:92,08:71:90:ee:79:56,,1,5,25,2,1,,,2,2
1249,R0102281,12,2,107,938,68:84:7e:94:84:f3,08:71:90:ee:79:fb,,1,5,25,2,1,,,2,2
1250,R0102333,12,4,開発作業室,939,68:84:7e:94:87:de,0c:dd:24:f9:c9:1e,,1,5,27,2,1,,,2,2
1251,R0102335,12,4,開発作業室,940,68:84:7e:94:87:f9,0c:dd:24:f9:c5:2c,,1,5,27,2,1,,,2,2
1252,R0102330,6,4,実学英語講師控室,2250,68:84:7e:94:87:b0,0c:dd:24:f9:c5:04,元wrpc0026.ccmaster,1,5,8,2,1,,,1,2
1253,R0102293,6,4,実学英語講師控室,2246,68:84:7e:94:85:a7,08:71:90:ed:ed:51,元wrpc0027.ccmaster,1,5,8,2,1,,,1,2
1254,R0102291,9,6,DE＆I推進室長室,2254,68:84:7e:94:85:8b,08:71:90:ee:7a:2d,元wrpc0028.ccmaster,1,5,3,2,1,,,,2
1255,R0102343,12,4,サーバルーム,,68:84:7e:94:88:62,0c:dd:24:f9:c8:7e,電源が入らないため撤去。元真理館CO-OnSen格納PC（wrpc0029.ccmaster）,1,5,8,2,1,,,2,2
1256,R0102295,6,4,実学英語講師控室,2252,68:84:7e:94:85:c6,08:71:90:ee:79:1a,元wrpc0030.ccmaster 予備機,1,5,8,2,1,,,1,2
1257,R0102357,6,4,実学英語講師控室,2248,68:84:7e:94:89:46,0c:dd:24:f9:81:52,元wrpc0031.ccmaster,1,5,8,2,1,,,1,2
1258,R0102354,6,4,実学英語講師控室,2249,68:84:7e:94:89:27,0c:dd:24:f9:c8:d3,元wrpc0032.ccmaster,1,5,8,2,1,,,1,2
1259,R0102355,6,4,実学英語講師控室,2247,68:84:7e:94:89:31,0c:dd:24:f9:c8:a6,元wrpc0033.ccmaster,1,5,8,2,1,,,1,2
1260,R0102286,6,4,実学英語講師控室,2253,68:84:7e:94:85:3c,08:71:90:ee:79:b5,元wrpc0034.ccmaster 予備機,1,5,8,2,1,,,1,2
1261,R0102332,6,4,実学英語講師控室,2251,68:84:7e:94:87:cb,0c:dd:24:f9:c5:45,元wrpc0035.ccmaster,1,5,8,2,1,,,1,2
1262,R0102342,12,4,サーバルーム,951,68:84:7e:94:88:54,0c:dd:24:f9:ca:7c,,1,5,8,2,1,,2020-00121,2,2
1263,R0102319,12,4,サーバルーム,952,68:84:7e:94:87:05,0c:dd:24:f9:d2:51,,1,5,8,1,1,,2020-00122,2,2
1264,R0102285,12,4,サーバルーム,953,68:84:7e:94:85:2d,08:71:90:ee:79:9c,,1,5,8,2,1,,2020-00123,2,2
1265,R0102289,12,4,サーバルーム,954,68:84:7e:94:85:6a,08:71:90:ee:79:c9,,1,5,8,2,1,,2020-00124,2,2
1266,R0102353,12,4,サーバルーム,955,68:84:7e:94:89:1f,0c:dd:24:f9:ca:81,,1,5,8,2,1,,2020-00125,2,2
1267,R0102268,12,4,サーバルーム,956,68:84:7e:94:84:3c,08:71:90:ee:79:ba,,1,5,8,2,1,,2020-00126,2,2
1268,R0102361,12,4,サーバルーム,957,68:84:7e:94:89:81,0c:dd:24:f9:ca:68,,1,5,8,2,1,,2020-00127,2,2
1269,R0102271,12,4,サーバルーム,958,68:84:7e:94:84:72,08:71:90:ee:7a:14,,1,5,8,2,1,,2020-00128,2,2
1270,R0102290,12,4,サーバルーム,959,68:84:7e:94:85:7c,08:71:90:ee:79:ab,,1,5,8,2,1,,2020-00129,2,2
1271,R0102275,12,4,サーバルーム,960,68:84:7e:94:84:a0,08:71:90:ee:79:d3,,1,5,8,2,1,,2020-00130,2,2
1272,R0102352,12,4,サーバルーム,961,68:84:7e:94:89:14,0c:dd:24:f9:c8:c9,,1,5,8,1,1,,2020-00131,2,2
1273,R0102336,12,4,サーバルーム,962,68:84:7e:94:88:0a,0c:dd:24:f9:c5:72,,1,5,8,2,1,,2020-00132,2,2
1274,R0102389,12,4,サーバルーム,963,68:84:7e:94:8a:17,0c:7a:15:a6:0b:71,,1,5,8,2,1,,2020-00133,2,2
1275,R0102311,12,4,サーバルーム,964,68:84:7e:94:86:8b,0c:dd:24:f9:c5:54,,1,5,8,1,1,,2020-00134,2,2
1276,R0102326,12,4,サーバルーム,965,68:84:7e:94:87:75,0c:dd:24:f9:c5:77,,1,5,8,1,1,,2020-00135,2,2
1277,R0102280,12,4,サーバルーム,966,68:84:7e:94:84:e8,08:71:90:ee:7a:28,,1,5,8,1,1,,2020-00136,2,2
1278,R0102302,12,4,サーバルーム,967,68:84:7e:94:86:2b,08:71:90:ed:da:5a,,1,5,8,2,1,,2020-00137,2,2
1279,R0102297,12,4,サーバルーム,968,68:84:7e:94:85:e2,08:71:90:ed:ed:b5,,1,5,8,2,1,,2020-00138,2,2
1280,R0102347,12,4,サーバルーム,969,68:84:7e:94:88:da,0c:dd:24:f9:c9:46,,1,5,8,2,1,,2020-00139,2,2
1281,R0102313,12,4,サーバルーム,970,68:84:7e:94:86:aa,0c:dd:24:fa:45:6a,,1,5,8,1,1,,2020-00140,2,2
1282,R0102341,12,4,サーバルーム,971,68:84:7e:94:88:47,0c:dd:24:f9:c8:c4,,1,5,8,2,1,,2020-00141,2,2
1283,R0102348,12,4,情報センター,972,68:84:7e:94:88:eb,0c:dd:24:f9:c8:ce,2025.10.20 平野課長へ貸出,1,5,8,3,1,,2020-00142,2,2
1284,R0102307,12,4,サーバルーム,973,68:84:7e:94:86:47,0c:dd:24:f9:c9:05,,1,5,8,1,1,,2020-00143,2,2
1285,R0102339,12,4,サーバルーム,974,68:84:7e:94:88:2c,0c:dd:24:f9:c6:62,,1,5,8,2,1,,2020-00144,2,2
1286,R0102337,12,4,サーバルーム,975,68:84:7e:94:88:14,0c:dd:24:f9:c5:68,,1,5,8,2,1,,2020-00145,2,2
1287,R0102324,12,4,サーバルーム,976,68:84:7e:94:87:57,0c:dd:24:f9:c5:0e,,1,5,8,2,1,,2020-00146,2,2
1288,R0102350,12,4,サーバルーム,977,68:84:7e:94:89:01,0c:dd:24:f9:c8:9c,,1,5,8,2,1,,2020-00147,2,2
1289,R0102287,12,4,サーバルーム,978,68:84:7e:94:85:4a,08:71:90:ee:79:a1,,1,5,8,2,1,,2020-00148,2,2
1290,R0102296,12,4,サーバルーム,979,68:84:7e:94:85:d4,08:71:90:ee:79:dd,,1,5,8,2,1,,2020-00149,2,2
1291,R0102388,12,4,サーバルーム,980,68:84:7e:94:8a:08,0c:7a:15:a6:0b:f3,,1,5,8,2,1,,2020-00150,2,2
1292,R0102338,12,4,サーバルーム,981,68:84:7e:94:88:22,0c:dd:24:f9:c6:80,,1,5,8,2,1,,2020-00151,2,2
1293,R0102316,12,4,サーバルーム,982,68:84:7e:94:86:d7,0c:dd:24:f9:c8:74,,1,5,8,2,1,,2020-00152,2,2
1294,R0102309,12,4,サーバルーム,983,68:84:7e:94:86:6a,0c:dd:24:f9:c5:6d,,1,5,8,1,1,,2020-00153,2,2
1295,R0102325,12,4,開発作業室,984,68:84:7e:94:87:67,0c:dd:24:f9:c7:07,2025/4/3 HDMIコネクタ破損,1,5,8,2,1,,2020-00154,2,2
1296,R0102586,12,4,サーバルーム,985,68:84:7e:94:89:c0,0c:dd:24:f9:c9:19,,1,5,8,2,1,,2020-00155,2,2
1297,R0102340,12,4,サーバルーム,986,68:84:7e:94:88:36,0c:dd:24:f9:c5:22,,1,5,8,2,1,,2020-00156,2,2
1298,R0102310,12,4,サーバルーム,987,68:84:7e:94:86:78,0c:dd:24:f9:d2:b5,,1,5,8,2,1,,2020-00157,2,2
1299,R0102358,12,4,サーバルーム,988,68:84:7e:94:89:55,0c:dd:24:f9:ca:72,,1,5,8,2,1,,2020-00158,2,2
1300,R0102387,6,5,共通教育推進機構,2242,68:84:7e:94:89:fa,0c:7a:15:a6:0b:6c,元wrpc0074.ccmaster,1,5,13,3,1,,2020-00159,2,2
1301,R0102587,6,5,共通教育推進機構,2243,68:84:7e:94:89:cd,0c:dd:24:f9:c9:2d,元wrpc0075.ccmaster,1,5,13,3,1,,2020-00160,2,2
1302,R0102306,6,5,共通教育推進機構,2244,68:84:7e:94:86:3a,0c:dd:24:f9:d3:be,元wrpc0076.ccmaster,1,5,13,3,1,,2020-00161,2,2
1303,R0102269,12,4,情報センター,2245,68:84:7e:94:84:5a,08:71:90:ee:79:92,元wrpc0077.ccmaster,1,5,13,3,1,,2020-00162,2,2
1304,R0102278,12,4,サーバルーム,993,68:84:7e:94:85:31,08:71:90:ee:79:6a,タッチパッド動作不良で回収（再現はしなかった）,1,5,8,2,1,,2020-00163,2,2
1305,R0102346,12,4,サーバルーム,994,68:84:7e:94:88:82,0c:dd:24:f9:81:75,,1,5,8,1,1,,2020-00164,2,2
1306,R0102349,12,4,サーバルーム,995,68:84:7e:94:88:f9,0c:dd:24:f9:c8:ec,,1,5,8,2,1,,2020-00165,2,2
1307,R0102334,12,4,情報センター,996,68:84:7e:94:87:ec,0c:dd:24:f9:c5:81,2024/10/19 ローカルブート化して大隅さんに貸出,1,5,8,3,1,,2020-00166,2,2
1308,R0102359,12,4,サーバルーム,997,68:84:7e:94:89:65,0c:dd:24:f9:81:6b,,1,5,8,2,1,,2020-00167,2,2
1309,R0102272,12,4,情報センター,998,68:84:7e:94:84:78,08:71:90:ee:7a:23,,1,5,8,2,1,,2020-00168,2,2
1310,R0102277,12,4,サーバルーム,999,68:84:7e:94:84:be,08:71:90:ee:7a:1e,,1,5,8,1,1,,2020-00169,2,2
1311,R0102299,12,4,情報センター,1000,68:84:7e:94:86:00,08:71:90:ed:ef:40,2024/5/1ローカルブート化して山口さん貸出,1,5,8,3,1,,2020-00170,2,2
1312,R0102308,12,4,サーバルーム,1001,68:84:7e:94:86:5a,0c:dd:24:f9:d2:29,,1,5,8,1,1,,2020-00171,2,2
1313,R0102363,12,4,サーバルーム,1002,68:84:7e:94:89:a2,0c:dd:24:f9:81:48,,1,5,8,1,1,,2020-00172,2,2
1314,R0102273,12,4,情報センター,1003,68:84:7e:94:84:85,08:71:90:ee:79:f6,2023/10/19MiCS検証用に貸出(MiCSカウンター設置，ホスト名：DESKTOP-B8VA8DQ),1,5,8,3,1,,2020-00173,2,2
1315,R0102331,12,4,サーバルーム,1004,68:84:7e:94:87:bc,0c:dd:24:f9:c9:3c,,1,5,8,1,1,,2020-00174,2,2
1316,R0102315,12,4,サーバルーム,1005,68:84:7e:94:86:ca,0c:dd:24:fa:45:33,,1,5,8,2,1,,2020-00175,2,2
1317,R0102362,12,4,情報センター,1006,68:84:7e:94:89:92,0c:dd:24:f9:c8:ba,2024/1～feret1(pandaの後継として流用),1,5,8,3,1,,2020-00176,2,2
1318,R0102294,12,4,情報センター,1007,68:84:7e:94:91:05,08:71:90:ee:7a:0a,2024/1～feret2(pandaの後継として流用),1,5,8,3,1,,2020-00177,2,2
1319,R0102288,12,4,情報センター,1008,68:84:7e:94:85:5a,08:71:90:ed:ed:f1,2024/1～feret3(pandaの後継として流用),1,5,8,3,1,,2020-00178,2,2
1320,R0102298,12,4,情報センター,1009,68:84:7e:94:85:ec,08:71:90:ed:e6:f3,2023/12/21ローカルブート化して大島さんに貸出,1,5,8,3,1,,2020-00179,2,2
1321,R0102323,12,4,サーバルーム,1010,68:84:7e:94:87:4b,0c:dd:24:f9:c6:76,,1,5,8,2,1,,2020-00180,2,2
1322,R0200163,13,2,文化学部事務室前廊下,2095,68:84:7e:95:ac:19,98:af:65:f4:2b:53,,7,5,7,1,0,,,,2
1323,R0200160,13,2,文化学部事務室前廊下,2096,68:84:7e:95:ab:ed,98:af:65:f4:25:d6,,7,5,7,1,0,,,,2
1324,R0200162,13,2,文化学部事務室,2097,68:84:7e:95:ac:0c,98:af:65:f4:97:e1,2025/3/6 学部事務室で使用するよう用途変更,7,5,7,3,0,,,,2
1325,R0200161,13,2,文化学部事務室,2098,68:84:7e:95:ab:ff,98:af:65:f4:25:f4,2023/10/06学部事務室で使用するよう用途変更,7,5,7,3,0,,,,2
1326,R0102312,12,4,開発作業室,845,68:84:7e:94:86:98,0c:dd:24:f9:d2:60,イメージ作成用,1,5,8,1,0,,2020-00115,,2
1327,R0102318,12,4,開発作業室,846,68:84:7e:94:86:f7,0c:dd:24:f9:c5:09,,1,5,8,1,1,,2020-00116,,2
1328,R0102322,12,4,開発作業室,847,68:84:7e:94:87:36,0c:dd:24:f9:c5:4a,,1,5,8,1,1,,2020-00117,,2
1329,R0102360,12,4,開発作業室,2069,68:84:7e:94:89:75,0c:dd:24:f9:c9:41,,1,5,8,1,1,,2020-00118,,2
1330,R0102314,12,4,開発作業室,2070,68:84:7e:94:86:b9,0c:dd:24:f9:d2:42,情報処理教室アプリ導入検証に使用(Windows11),1,5,8,3,1,,2020-00119,,2
1331,R0102320,12,4,開発作業室,2146,68:84:7e:94:87:14,,MiCSの検証等に使用(Windows11)塚本さん所持,1,5,8,3,0,,2020-00120,,2
1535,PF3BJLSK,4,3,S205演習室,1675,84:a9:38:41:9c:20,c8:94:02:7c:9d:b5,,1,9,10,1,0,,2021-02344,2,3
1536,PF3BHSBQ,4,3,S206演習室,1676,84:a9:38:41:9c:44,c8:94:02:7c:a0:d7,,1,9,10,1,0,,2021-02345,2,3
1537,PF3B3EZJ,4,4,S304演習室,1685,84:a9:38:41:a2:dc,c8:94:02:7c:9e:07,,1,9,10,1,0,,2021-02346,2,3
1538,PF3CM46G,4,4,S305演習室,1686,84:a9:38:41:a3:e2,c8:94:02:7c:9d:8d,,1,9,10,1,0,,2021-02347,2,3
1539,PF3B2T9X,4,4,S306演習室,1687,84:a9:38:41:98:48,c8:94:02:7c:61:a3,,1,9,10,1,0,,2021-02348,2,3
1540,PF3BL7GT,4,4,S307演習室,1688,84:a9:38:41:a3:f4,c8:94:02:7c:a0:e3,,1,9,10,1,0,,2021-02349,2,3
1541,PF3BJNMM,4,4,S308演習室,1689,84:a9:38:41:a3:b0,c8:94:02:7c:a7:77,,1,9,10,1,0,,2021-02350,2,3
1542,PF3BJJL1,4,4,S309演習室,1690,6c:24:08:a1:91:ea,c8:94:02:7c:9d:71,2022/7/7 マザーボード交換,1,9,10,1,0,,2021-02351,2,3
1543,PF3BHJES,4,4,S310演習室,1691,84:a9:38:41:90:a2,c8:94:02:7c:a1:17,,1,9,10,1,0,,2021-02352,2,3
1544,PF3B3F1J,4,4,S311演習室,1692,84:a9:38:38:ed:10,c8:94:02:7c:9d:a5,,1,9,10,1,0,,2021-02353,2,3
1545,PF3BHMWB,4,5,S410大学院演習室,1705,84:a9:38:41:91:e0,c8:94:02:7c:a1:61,,1,9,10,1,0,,2021-02354,2,3
1546,PF3CM5XF,4,5,S411大学院演習室,1706,84:a9:38:41:96:aa,c8:94:02:7c:a8:e1,2023/3/13 マザーボード交換,1,9,10,1,0,,2021-02355,2,3
1547,PF3BHMXA,4,5,S412大学院演習室,1707,84:a9:38:41:97:4a,c8:94:02:7c:9f:e1,,1,9,10,1,0,,2021-02356,2,3
1548,PF3B36Y2,12,4,開発作業室,2164,84:a9:38:41:98:5e,c8:94:02:7c:a1:1b,元n5kp2210でIP取得エラーにより回収（保守依頼で再現せず未修理で交換対応）,1,9,20,1,0,,2021-02236,2,3
1549,PF3B2NYA,7,3,5222演習室,1782,84:a9:38:69:3f:c8,c8:94:02:7d:3b:09,,1,9,10,1,0,,2021-02237,2,3
1550,PF3B3AYF,7,3,5223演習室,1783,84:a9:38:41:9e:b4,c8:94:02:7c:a8:f9,,1,9,10,1,0,,2021-02238,2,3
1551,PF3BHE70,7,3,5224演習室,1784,84:a9:38:41:92:64,c8:94:02:7c:a1:57,,1,9,10,1,0,,2021-02239,2,3
1552,PF3B3CXA,7,3,5225演習室,1785,84:a9:38:41:90:92,c8:94:02:7c:a7:a5,,1,9,10,1,0,,2021-02240,2,3
1553,PF3B30SE,7,3,5226演習室,1786,84:a9:38:41:99:90,c8:94:02:7c:9d:cf,,1,9,10,1,0,,2021-02241,2,3
1554,PF3BHQ4Q,7,3,5227演習室,1787,84:a9:38:41:a5:c0,c8:94:02:7c:a1:77,,1,9,10,1,0,,2021-02242,2,3
1555,PF3B391Y,7,3,5228演習室,1788,84:a9:38:41:98:60,c8:94:02:7c:9d:85,,1,9,10,1,0,,2021-02243,2,3
1556,PF3BHQ69,7,3,5229演習室,1789,84:a9:38:0d:92:e7,c8:94:02:7c:9f:e5,,1,9,10,1,0,,2021-02244,2,3
1557,PF3BHS9H,7,3,5230演習室,1790,84:a9:38:41:8f:76,c8:94:02:7c:a1:65,2023/4/21 マザーボード交換,1,9,10,1,0,,2021-02245,2,3
1558,PF3B2R0A,7,4,5301教室,1791,84:a9:38:0d:88:89,c8:94:02:7c:62:39,2022/07/04 マザーボード交換,1,9,10,1,0,,2021-02246,2,3
1559,PF3BL7LA,16,2,14104セミナー室,1658,84:a9:38:41:a2:c4,c8:94:02:7c:a0:d9,2022/11マザーボード交換,1,9,10,1,0,,2021-02247,2,3
1560,PF3B3F0G,16,2,14106セミナー室,1659,84:a9:38:41:a2:ce,c8:94:02:7c:9d:9d,,1,9,10,1,0,,2021-02248,2,3
1561,PF3BL7G4,7,4,5321演習室,1794,84:a9:38:41:a5:0c,c8:94:02:7c:a1:27,,1,9,10,1,0,,2021-02249,2,3
1562,PF3CM489,7,4,5322演習室,1795,6c:24:08:a1:99:02,c8:94:02:7c:9d:bb,2025/1/27, 2025/9/25 マザーボード交換,1,9,10,1,0,,2021-02250,2,3
1563,PF3B2YLW,7,4,5323演習室,1796,84:a9:38:41:98:56,c8:94:02:7c:9d:bf,,1,9,10,1,0,,2021-02251,2,3
1564,PF3BHG72,7,4,5324演習室,1797,84:a9:38:41:92:7a,c8:94:02:7d:9c:33,,1,9,10,1,0,,2021-02252,2,3
1565,PF3B2R21,7,5,5401教室,1798,84:a9:38:41:a5:54,c8:94:02:7d:74:e9,2023/2/21 マザーボード交換,1,9,10,1,0,,2021-02253,2,3
1566,PF3BJQSH,7,5,5402教室,1799,84:a9:38:41:a3:c8,c8:94:02:7c:a1:11,,1,9,10,1,0,,2021-02254,2,3
1567,PF3BHG9E,7,5,5403教室,1800,6c:24:08:a1:92:06,c8:94:02:7c:74:8f,2022/7/11 マザーボード交換,1,9,10,1,0,,2021-02255,2,3
1568,PF3BHSAV,7,5,5404教室,1801,84:a9:38:41:a1:32,c8:94:02:7c:a1:5f,,1,9,10,1,0,,2021-02256,2,3
1569,PF3B3AWY,7,5,5405教室,1802,84:a9:38:41:91:b8,c8:94:02:7c:9d:d5,,1,9,10,1,0,,2021-02257,2,3
1570,PF3B3CXR,16,2,14107セミナー室,1660,84:a9:38:41:a3:9e,c8:94:02:7c:a7:a7,,1,9,10,1,0,,2021-02258,2,3
1571,PF3BJJM0,12,4,開発作業室,2227,6c:24:08:a1:96:28,c8:94:02:7c:a1:0b,2022/7/7 マザーボード交換，25/1/31回収(元nekp1080）,1,9,10,1,0,,2021-02259,2,3
1580,PF3BHLNV,13,3,11201教室,1640,84:a9:38:41:91:c8,c8:94:02:7c:a1:7f,,1,9,10,1,0,,2021-02260,2,3
1581,PF3B30QT,13,3,11203教室,1665,84:a9:38:41:91:a6,c8:94:02:7c:9d:bd,,1,9,10,1,0,,2021-02261,2,3
1582,PF3B34MZ,13,3,11204演習室,1666,6c:24:08:a1:9c:0a,c8:94:02:7c:a8:f5,2022/9/21 マザーボード交換,1,9,10,1,0,,2021-02262,2,3
1583,PF3B3CW3,13,4,11301演習室,1769,84:a9:38:37:ff:e2,c8:94:02:7c:a8:fb,2025/9/25 マザーボード交換,1,9,10,1,0,,2021-02264,2,3
1584,PF3BHE5X,13,3,11205教室,1664,84:a9:38:41:a5:18,c8:94:02:7c:a1:51,,1,9,10,1,0,,2021-02263,2,3
1585,PF3B2T9F,13,4,11302演習室,1641,84:a9:38:41:98:4c,c8:94:02:7d:74:b9,,1,9,10,1,0,,2021-02265,2,3
1586,PF3BJNPE,13,4,11303演習室,1642,84:a9:38:41:8f:b2,c8:94:02:7c:a7:75,,1,9,10,1,0,,2021-02266,2,3
1587,PF3CM60S,13,4,11304教室,1643,84:a9:38:41:99:94,c8:94:02:7c:a0:dd,2022/07/04 マザーボード交換,1,9,10,1,0,,2021-02267,2,3
1588,PF3CM6XW,13,4,11305演習室,1770,84:a9:38:41:a3:ea,c8:94:02:7c:a1:5b,,1,9,10,1,0,,2021-02268,2,3
1589,PF3BJLR3,13,4,11306教室,1644,6c:24:08:a1:9b:68,c8:94:02:7c:a1:23,2022/8/2 マザーボード交換,1,9,10,1,0,,2021-02269,2,3
1590,PF3BL6E0,13,4,11307教室,1645,84:a9:38:38:00:4c,c8:94:02:7c:9d:9f,2022/7/11，2022/8/24，2023/4/25, 2025/12/17 マザーボード交換,1,9,10,1,0,,2021-02270,2,3
1591,PF3BJJJ6,13,4,11308教室,1646,84:a9:38:38:04:c8,c8:94:02:7c:a7:7d,2023/12/11 マザーボード交換,1,9,10,1,0,,2021-02271,2,3
1592,PF3BL6FE,13,4,11309演習室,1647,84:a9:38:41:a3:e6,c8:94:02:7c:a1:59,,1,9,10,1,0,,2021-02272,2,3
1593,PF3BHJBH,13,4,11310演習室,1648,6c:24:08:a1:9a:54,c8:94:02:7c:a8:65,2022/11/02 マザーボード交換,1,9,10,1,0,,2021-02273,2,3
1594,PF3BHMYK,13,5,11401演習室,1649,84:a9:38:38:02:26,c8:94:02:7c:a0:ff,,1,9,10,1,0,,2021-02274,2,3
1595,PF3CM490,13,5,11402演習室,1650,84:a9:38:41:a3:e0,c8:94:02:7c:9d:b9,,1,9,10,1,0,,2021-02275,2,3
1596,PF3BHLM5,13,5,11403教室,1651,84:a9:38:41:91:da,c8:94:02:7c:9f:e7,,1,9,10,1,0,,2021-02276,2,3
1597,PF3BJQWJ,13,5,11404演習室,1771,84:a9:38:41:a5:24,c8:94:02:7c:9d:d3,2023/9 マザーボード交換,1,9,10,1,0,,2021-02277,2,3
1598,PF3BJNR3,13,5,11405教室,1652,84:a9:38:38:ec:fa,c8:94:02:7c:9d:75,2023/6/6 マザーボード交換,1,9,10,1,0,,2021-02278,2,3
1599,PF3B38ZQ,13,5,11406教室,1653,84:a9:38:41:99:8c,c8:94:02:7c:a1:05,,1,9,10,1,0,,2021-02279,2,3
1600,PF3B390B,13,5,11407教室,1654,84:a9:38:41:98:64,c8:94:02:7c:a8:f7,,1,9,10,1,0,,2021-02280,2,3
1601,PF3B2R39,13,5,11408教室,1655,84:a9:38:41:98:70,c8:94:02:7d:74:b7,,1,9,10,1,0,,2021-02281,2,3
1602,PF3CM6YW,14,3,12201教室,1811,84:a9:38:41:a5:14,c8:94:02:7c:a1:55,,1,9,10,1,0,,2021-02282,2,3
1604,PF3BHG8K,14,4,12308教室,1813,84:a9:38:41:96:30,c8:94:02:7c:76:9f,,1,9,10,1,0,,2021-02284,2,3
1605,PF3BHE7J,14,4,12309教室,1814,84:a9:38:41:a5:28,c8:94:02:7c:a1:2b,,1,9,10,1,0,,2021-02285,2,3
1606,PF3BJLRZ,14,4,12303教室,1815,84:a9:38:41:91:d2,c8:94:02:7c:9d:59,,1,9,10,1,0,,2021-02286,2,3
1607,PF3B3EZV,14,4,12304教室,1816,84:a9:38:41:a3:b8,c8:94:02:7c:9d:77,,1,9,10,1,0,,2021-02287,2,3
1608,PF3BHE4N,14,4,12301演習室,1817,84:a9:38:41:a5:26,c8:94:02:7c:a1:6d,,1,9,10,1,0,,2021-02288,2,3
1609,PF3CM45W,14,4,12302演習室,1818,84:a9:38:41:a3:d2,c8:94:02:7c:9d:55,,1,9,10,1,0,,2021-02289,2,3
1610,PF3BJNRT,14,5,12405教室,1819,84:a9:38:41:a3:c6,c8:94:02:7c:a1:6f,マウスあり,1,9,10,1,0,,2021-02290,2,3
1611,PF3BHSCT,14,5,12409教室,1820,84:a9:38:41:a0:ac,c8:94:02:7c:a0:fd,,1,9,10,1,0,,2021-02291,2,3
1612,PF3BHJCW,14,5,12410教室,1821,84:a9:38:41:a5:2e,c8:94:02:7c:a1:5d,,1,9,10,1,0,,2021-02292,2,3
1613,PF3B2NYW,14,5,12403教室,1822,84:a9:38:37:ff:6c,c8:94:02:7d:74:e3,2022/7/15 マザーボード交換，2026/2/24マザーボード，電源ボタンボード交換,1,9,10,1,0,,2021-02293,2,3
1614,PF3CM475,14,5,12404教室,1823,84:a9:38:41:8f:b6,c8:94:02:7c:9d:5f,,1,9,10,1,0,,2021-02294,2,3
1615,PF3CM61G,14,5,12406演習室,1824,84:a9:38:41:8f:84,c8:94:02:7c:a0:df,,1,9,10,1,0,,2021-02295,2,3
1616,PF3BHE86,14,5,12407演習室,1825,6c:24:08:a1:94:52,c8:94:02:7c:a1:79,,1,9,10,1,0,,2021-02296,2,3
1617,PF3BHLLC,14,5,12401演習室,1826,84:a9:38:41:95:2e,c8:94:02:7c:a1:7b,2022/10，2023/11, 2025/5　マザーボード交換,1,9,10,1,0,,2021-02297,2,3
1618,PF3BHSCE,14,5,12402演習室,1827,84:a9:38:41:93:20,c8:94:02:7c:a1:1d,,1,9,10,1,0,,2021-02298,2,3
1619,PF3BHLKZ,14,6,12505教室,1828,6c:24:08:a1:9c:06,c8:94:02:7c:a1:25,2022/10/4 マザーボード交換，2023/7/31 液晶破損有償修理,1,9,10,1,0,,2021-02299,2,3
1620,PF3BJQVP,14,6,12509教室,1829,84:a9:38:41:a3:d6,c8:94:02:7c:9d:6d,,1,9,10,1,0,,2021-02300,2,3
1621,PF3BHJEC,14,6,12503教室,1830,84:a9:38:41:a2:de,c8:94:02:7c:a1:03,2023/9 システムボード交換,1,9,10,1,0,,2021-02301,2,3
1622,PF3BL7JF,14,6,12504教室,1831,84:a9:38:41:a5:12,c8:94:02:7c:a1:89,2023/7/4 液晶パネルベゼル，ロワーケース交換,1,9,10,1,0,,2021-02302,2,3
1623,PF3CM5XZ,14,6,12506演習室,1832,84:a9:38:41:a3:f2,c8:94:02:7c:a1:81,,1,9,10,1,0,,2021-02303,2,3
1624,PF3CM5ZW,14,6,12507演習室,1838,84:a9:38:41:90:aa,c8:94:02:7c:a1:87,2022/11マザーボード交換,1,9,10,1,0,,2021-02304,2,3
1625,PF3BJQTM,14,6,12501演習室,1833,84:a9:38:41:a3:d0,c8:94:02:7c:9f:e9,,1,9,10,1,0,,2021-02305,2,3
1626,PF3BJNQK,14,6,12502演習室,1834,84:a9:38:41:a3:ec,c8:94:02:7c:9d:73,2023/10 システムボード交換(2回目),1,9,10,1,0,,2021-02306,2,3
1627,PF3BJLQF,15,1,13B01教室,1606,84:a9:38:41:9a:86,c8:94:02:7c:a1:73,,1,9,10,1,0,,2021-02317,2,3
1628,PF3BL6EH,7,3,5221演習室,1781,84:a9:38:41:a5:2a,c8:94:02:7c:a1:21,2022/9回収（元n4kp04e0），2024/1マザーボード交換，元mvkp0006,1,9,10,1,0,,2021-02235,2,3
1629,PF3B3EXV,15,2,13121演習室,1608,84:a9:38:41:a3:da,c8:94:02:7c:9d:89,,1,9,10,1,0,,2021-02307,2,3
1630,PF3B4M6R,15,2,13124常設模擬法廷,1609,84:a9:38:41:a5:30,c8:94:02:7c:a0:cd,,1,9,10,1,0,,2021-02308,2,3
1631,PF3CM5Z0,15,4,13301教室,1610,84:a9:38:41:a3:e8,c8:94:02:7c:a1:85,,1,9,10,1,0,,2021-02309,2,3
1632,PF3B391B,12,4,開発作業室,1725,84:a9:38:41:91:bc,c8:94:02:7c:9d:87,予備機　※2022/9回収（元n4kp0100）,1,9,20,1,0,,2021-02234,2,3
1633,PF3BHLPF,15,4,13302教室,1612,84:a9:38:41:91:d8,c8:94:02:7c:a1:4b,,1,9,10,1,0,,2021-02310,2,3
1634,PF3B36YH,15,4,13303教室,1613,84:a9:38:41:93:26,c8:94:02:7c:a0:d1,2025/10/14 マザーボード交換,1,9,10,1,0,,2021-02311,2,3
1635,PF3BJJNK,15,4,13304教室,1614,84:a9:38:41:a5:36,c8:94:02:7c:a1:71,2023/02/01 マザーボード交換,1,9,10,1,0,,2021-02312,2,3
1637,PF3BHMTY,15,4,13306教室,1616,84:a9:38:d2:59:f7,c8:94:02:7c:a1:01,2022/05/06 システムボード故障交換,1,9,10,1,0,,2021-02314,2,3
1638,PF3BJJJ3,15,4,13307教室,1617,84:a9:38:41:a2:da,c8:94:02:7c:9d:57,,1,9,10,1,0,,2021-02315,2,3
1640,PF3B3B6X,22,1,4KB06大学院研究室,1835,84:a9:38:41:9a:5e,c8:94:02:7c:9d:8f,,1,9,10,1,0,,2021-02227,2,3
1641,PF3BHGAS,22,1,4KB07大学院講義室,1836,84:a9:38:41:a5:52,c8:94:02:7c:9f:e3,,1,9,10,1,0,,2021-02228,2,3
1642,PF3BHMY1,22,1,4KB08大学院講義室,1837,84:a9:38:41:91:dc,c8:94:02:7c:a1:1f,,1,9,10,1,0,,2021-02229,2,3
1649,PF3BHQ3Z,15,4,13305教室,1615,84:a9:38:41:93:0c,c8:94:02:7c:a1:75,,1,9,10,1,0,,2021-02313,2,3
1650,PF3B30SZ,14,4,12305教室,1812,84:a9:38:41:a0:34,c8:94:02:7c:a8:67,,1,9,10,1,0,,2021-02283,2,3
1654,PF3B3B7Q,15,4,13308教室,1618,84:a9:38:41:a3:a2,c8:94:02:7c:9d:a3,,1,9,10,1,0,,2021-02316,2,3
1726,PF3CMZ2P,12,4,開発作業室,2147,84:a9:38:41:97:56,c8:94:02:0e:3a:61,イメージ作成用,1,9,8,1,1,,2021-02318,,3
1727,PF3BHMZ5,12,4,開発作業室,2148,84:a9:38:41:8f:9c,c8:94:02:7c:a1:15,,1,9,8,1,1,,2021-02319,,3
1728,PF3B2R2K,12,4,開発作業室,2149,84:a9:38:41:98:44,c8:94:02:6d:26:9f,,1,9,8,1,1,,2021-02320,,3
1729,PF3BL7LC,12,4,開発作業室,2150,84:a9:38:41:8f:78,c8:94:02:7c:a0:db,,1,9,8,1,1,,2021-02321,,3
1730,PF3BHGA2,12,4,開発作業室,2151,84:a9:38:41:96:ae,c8:94:02:7c:a1:49,,1,9,8,1,1,,2021-02322,,3
1731,PF3BHE5G,12,4,開発作業室,2152,84:a9:38:41:a5:1e,c8:94:02:7c:a1:0f,,1,9,8,1,1,,2021-02323,,3
1733,PF3BHMVQ,12,4,開発作業室,1667,84:a9:38:41:91:de,c8:94:02:7c:a1:45,予備機,1,9,20,1,0,,2021-02230,2,3
1734,PF3BHLN5,12,4,開発作業室,1668,84:a9:38:41:91:c6,c8:94:02:7c:9f:df,予備機,1,9,20,1,0,,2021-02231,2,3
1735,PF3BHQ7S,12,4,開発作業室,2153,84:a9:38:41:93:18,c8:94:02:7c:a1:47,予備機,1,9,20,1,0,,2021-02232,2,3
1736,PF3BJJMP,12,4,開発作業室,2154,84:a9:38:41:9a:88,c8:94:02:7c:a1:29,予備機,1,9,20,1,0,,2021-02233,2,3
1737,PF3BJJK6,4,2,外国学部事務室,2129,84:a9:38:69:4b:36,c8:94:02:7c:a7:7f,教卓PC予備兼リモート対応用途，2023/9システムボード交換,1,9,13,3,0,,2021-02324,,3
1738,PF3BJLP6,4,2,外国学部事務室,2130,84:a9:38:37:e3:08,c8:94:02:7c:a1:13,教卓PC予備兼リモート対応用途，2023/9システムボード交換,1,9,13,3,0,,2021-02325,,3
1739,PF3BL7K7,7,2,経営学部事務室,2131,84:a9:38:41:a5:16,c8:94:02:7c:a1:8b,教卓PC予備兼リモート対応用途,1,9,13,3,0,,2021-02326,,3
1740,PF3BHQ6X,7,2,経営学部事務室,2132,84:a9:38:41:93:06,c8:94:02:7c:a1:4f,教卓PC予備兼リモート対応用途,1,9,13,3,0,,2021-02327,,3
1741,PF3B2T8N,7,2,経済学部事務室,2133,84:a9:38:41:9b:66,c8:94:02:7d:74:b1,教卓PC予備兼リモート対応用途,1,9,13,3,0,,2021-02328,,3
1742,PF3BJJLJ,7,2,経済学部事務室,2134,84:a9:38:41:a2:d4,c8:94:02:7c:a1:53,教卓PC予備兼リモート対応用途,1,9,13,3,0,,2021-02329,,3
1743,PF3BHSA2,16,2,情報理工学部事務室,2135,84:a9:38:41:90:de,c8:94:02:7c:a1:63,教卓PC予備兼リモート対応用途,1,9,13,3,0,,2021-02330,,3
1744,PF3B2R0Z,16,2,情報理工学部事務室,2136,84:a9:38:41:92:28,c8:94:02:7d:74:9b,教卓PC予備兼リモート対応用途,1,9,13,3,0,,2021-02331,,3
1745,PF3B38Y1,18,2,生命科学部事務室,2137,84:a9:38:41:98:68,c8:94:02:7c:a0:d3,教卓PC予備兼リモート対応用途,1,9,13,3,0,,2021-02332,,3
1746,PF3BJLPJ,18,2,生命科学部事務室,2138,84:a9:38:38:f8:32,c8:94:02:7c:a1:09,教卓PC予備兼リモート対応用途，2024/05マザーボード交換，2024/6/10 マウス交換,1,9,13,3,0,,2021-02333,,3
1747,PF3BHJBX,3,2,理学部事務室,2139,84:a9:38:41:a4:78,c8:94:02:7c:a1:67,教卓PC予備兼リモート対応用途,1,9,13,3,0,,2021-02334,,3
1748,PF3BJQT1,3,2,理学部事務室,2140,84:a9:38:41:a3:de,c8:94:02:7c:a1:6b,教卓PC予備兼リモート対応用途,1,9,13,3,0,,2021-02335,,3
1749,PF3BHQ5E,13,2,文化学部事務室,2141,84:a9:38:41:93:0e,c8:94:02:7c:74:85,教卓PC予備兼リモート対応用途,1,9,13,3,0,,2021-02336,,3
1750,PF3B3CX6,5,2,法学部事務室,2156,84:a9:38:41:98:6e,c8:94:02:7c:a8:fd,教卓PC予備兼リモート対応用途,1,9,13,3,0,,2021-02338,,3
1751,PF3B36ZK,5,2,法学部事務室,2157,84:a9:38:41:99:98,c8:94:02:7c:a1:19,教卓PC予備兼リモート対応用途,1,9,13,3,0,,2021-02339,,3
1752,PF3BHE48,5,2,国際関係学部事務室,2158,84:a9:38:41:a5:1a,c8:94:02:7c:a0:e1,教卓PC予備兼リモート対応用途,1,9,13,3,0,,2021-02340,,3
1753,PF3B3AXK,5,2,国際関係学部事務室,2159,84:a9:38:41:98:76,c8:94:02:7c:9d:d7,教卓PC予備兼リモート対応用途,1,9,13,3,0,,2021-02341,,3
1754,PF3B2TB5,4,2,現代社会学部事務室,2160,84:a9:38:41:9d:c8,c8:94:02:7d:74:b3,教卓PC予備兼リモート対応用途,1,9,13,3,0,,2021-02342,,3
1755,PF3CM451,4,2,現代社会学部事務室,2161,84:a9:38:41:a5:20,c8:94:02:7c:a1:83,教卓PC予備兼リモート対応用途,1,9,13,3,0,,2021-02343,,3
1756,PF3BL7HH,13,2,文化学部事務室,2155,84:a9:38:41:a3:ca,c8:94:02:7c:9d:a7,教卓PC予備兼リモート対応用途,1,9,13,3,0,,2021-02337,,3
1774,54015222E,12,4,開発作業室,2173,40:c2:ba:46:f7:35,a0:d3:65:22:0e:ac,イメージ作成用,1,13,8,1,0,,2024-00733(028),,9
1775,54015176E,12,4,開発作業室,2174,40:c2:ba:47:08:d5,a0:d3:65:20:64:a8,,1,13,8,1,0,,2024-00733(029),,9
1776,54015451E,12,4,開発作業室,2175,40:c2:ba:46:f7:b2,a0:d3:65:5b:15:e4,,1,13,8,1,0,,2024-00733(030),,9
1777,54015196E,12,4,開発作業室,2176,40:c2:ba:46:d4:49,a0:d3:65:22:18:66,,1,13,8,1,0,,2024-00733(031),,9
1778,54015215E,12,4,開発作業室,2177,bc:ec:a0:3f:19:0c,a0:d3:65:22:19:56,,1,13,8,1,0,,2024-00733(032),,9
1779,54017812E,12,4,情報センター,881,40:c2:ba:47:08:bb,a0:d3:65:45:95:a2,越中,1,13,8,3,0,,2024-00733(045),,9
1780,54015130E,12,4,情報センター,879,40:c2:ba:46:f7:9a,a0:d3:65:79:61:98,岡山,1,13,8,3,0,,2024-00733(044),,9
1785,54015255E,12,4,開発作業室,909,40:c2:ba:46:d3:f0,a0:d3:65:22:18:8e,ccgpmc,1,13,8,3,0,,2024-00733(023),,9
1786,54015116E,12,4,開発作業室,1741,40:c2:ba:46:f7:5d,a0:d3:65:79:4f:82,,1,13,20,1,0,,2024-00733(024),2,9
1787,54015739E,12,4,開発作業室,2171,40:c2:ba:47:08:f4,a0:d3:65:45:95:25,,1,13,20,1,0,,2024-00733(025),2,9
1788,54015284E,12,4,開発作業室,2172,40:c2:ba:46:f7:de,a0:d3:65:46:f3:52,,1,13,20,1,0,,2024-00733(026),2,9
1789,54015395E,12,4,開発作業室,2180,bc:ec:a0:3f:19:09,a0:d3:65:45:96:9c,,1,13,20,1,0,,2024-00733(027),2,9
1790,54015155E,12,4,10303教室,1724,40:c2:ba:47:08:9f,a0:d3:65:5b:00:45,,1,13,10,1,0,,2024-00733(008),2,9
1791,54015144E,15,2,13101教室,1607,40:c2:ba:47:08:9e,a0:d3:65:79:51:71,,1,13,10,1,0,,2024-00733(049),2,9
1792,54015233E,15,4,13321中演習室,1611,bc:ec:a0:3f:18:2a,a0:d3:65:22:18:70,,1,13,10,1,0,,2024-00733(052),2,9
1793,54015241E,16,2,14102教室,1656,40:c2:ba:47:08:b7,a0:d3:65:22:0d:b2,,1,13,10,1,0,,2024-00733(053),2,9
1794,54015199E,16,2,14103教室,1657,40:c2:ba:46:d4:50,a0:d3:65:20:63:f4,,1,13,10,1,0,,2024-00733(054),2,9
1795,54015151E,7,4,5302教室,1792,40:c2:ba:46:f7:78,a0:d3:65:5b:01:71,,1,13,10,1,0,,2024-00733(063),2,9
1796,54015679E,7,4,5303教室,1793,bc:ec:a0:3f:18:5c,a0:d3:65:44:8c:34,,1,13,10,1,0,,2024-00733(064),2,9
1797,54015700E,7,5,5406教室,1803,bc:ec:a0:3f:18:5d,a0:d3:65:45:44:ee,,1,13,10,1,0,,2024-00733(065),2,9
1798,54015218E,7,5,5407教室,1804,40:c2:ba:46:d4:2e,a0:d3:65:22:18:bb,,1,13,10,1,0,,2024-00733(066),2,9
1799,54015159E,4,3,S201教室,1671,40:c2:ba:47:08:a8,a0:d3:65:5b:14:f4,,1,13,10,1,0,,2024-00733(074),2,9
1800,54015184E,4,3,S202教室,1672,40:c2:ba:46:d3:f9,a0:d3:65:22:19:51,,1,13,10,1,0,,2024-00733(075),2,9
1801,54015188E,4,3,S203教室,1673,40:c2:ba:46:d4:16,a0:d3:65:22:0d:c1,,1,13,10,1,0,,2024-00733(076),2,9
1802,54015285E,4,3,S204教室,1674,40:c2:ba:46:f7:dd,a0:d3:65:44:e5:53,,1,13,10,1,0,,2024-00733(077),2,9
1803,54015289E,4,3,S209教室,1619,40:c2:ba:47:08:b6,a0:d3:65:45:96:60,,1,13,10,1,0,,2024-00733(080),2,9
1804,54015132E,4,3,S215演習室,1677,40:c2:ba:46:f7:a2,a0:d3:65:79:51:44,,1,13,10,1,0,,2024-00733(082),2,9
1805,54015190E,4,3,S216演習室,1678,40:c2:ba:46:d4:44,a0:d3:65:20:64:a3,,1,13,10,1,0,,2024-00733(083),2,9
1806,54015242E,4,3,S217演習室,1679,40:c2:ba:47:08:98,a0:d3:65:44:e5:62,,1,13,10,1,0,,2024-00733(084),2,9
1807,54015450E,4,3,S218教室,1680,40:c2:ba:46:f7:62,a0:d3:65:79:4f:23,,1,13,10,1,0,,2024-00733(085),2,9
1808,54015288E,4,3,S219教室,1681,40:c2:ba:47:08:99,a0:d3:65:45:96:97,,1,13,10,1,0,,2024-00733(086),2,9
1809,54015305E,4,4,S301教室,1682,40:c2:ba:46:f7:6e,a0:d3:65:45:83:96,,1,13,10,1,0,,2024-00733(087),2,9
1810,54015354E,4,4,S302教室,1683,bc:ec:a0:3f:18:b9,a0:d3:65:22:18:84,,1,13,10,1,0,,2024-00733(088),2,9
1811,54015175E,4,4,S303教室,1684,40:c2:ba:47:08:d4,a0:d3:65:22:0e:6b,,1,13,10,1,0,,2024-00733(089),2,9
1812,54015264E,4,4,S312教室,1693,40:c2:ba:47:08:d3,a0:d3:65:22:0e:9d,,1,13,10,1,0,,2024-00733(090),2,9
1813,54015402E,4,4,S313教室,1694,40:c2:ba:46:f7:64,a0:d3:65:79:64:40,,1,13,10,1,0,,2024-00733(091),2,9
1814,54015262E,4,4,S314教室,1695,40:c2:ba:46:d4:46,a0:d3:65:22:0e:a2,,1,13,10,1,0,,2024-00733(092),2,9
1815,54015173E,4,4,S315教室,1696,40:c2:ba:47:08:c1,a0:d3:65:22:0e:57,,1,13,10,1,0,,2024-00733(093),2,9
1816,54015292E,4,5,S401教室,1697,40:c2:ba:46:f7:1f,a0:d3:65:45:95:34,,1,13,10,1,0,,2024-00733(094),2,9
1817,54015306E,4,5,S402教室,1698,40:c2:ba:47:08:d0,a0:d3:65:45:95:61,,1,13,10,1,0,,2024-00733(095),2,9
1818,54015387E,4,5,S403教室,1699,40:c2:ba:47:08:da,a0:d3:65:20:63:6d,,1,13,10,1,0,,2024-00733(096),2,9
1819,54015140E,4,5,S404教室,1700,40:c2:ba:47:08:bf,a0:d3:65:5b:01:62,,1,13,10,1,0,,2024-00733(097),2,9
1820,54015124E,4,5,S405教室,1701,40:c2:ba:46:d3:fc,a0:d3:65:5b:01:17,,1,13,10,1,0,,2024-00733(098),2,9
1821,54015663E,4,5,S406教室,1702,40:c2:ba:47:08:c6,a0:d3:65:44:7f:a5,,1,13,10,1,0,,2024-00733(099),2,9
1822,54015182E,4,5,S407教室,1703,40:c2:ba:46:d4:4b,a0:d3:65:22:19:7e,,1,13,10,1,0,,2024-00733(100),2,9
1823,54015335E,4,5,S408教室,1704,40:c2:ba:46:f7:5a,a0:d3:65:5b:00:63,,1,13,10,1,0,,2024-00733(101),2,9
1824,54015301E,4,5,S413教室,1708,40:c2:ba:46:f7:6c,a0:d3:65:45:95:e8,,1,13,10,1,0,,2024-00733(102),2,9
1825,54015240E,4,5,S414教室,1709,40:c2:ba:47:08:f8,a0:d3:65:45:84:22,,1,13,10,1,0,,2024-00733(103),2,9
1826,54015226E,4,5,S415教室,1710,40:c2:ba:46:d4:47,a0:d3:65:22:0e:7f,,1,13,10,1,0,,2024-00733(104),2,9
1827,54015290E,4,6,S501教室,1711,40:c2:ba:46:f7:1e,a0:d3:65:45:95:2a,,1,13,10,1,0,,2024-00733(105),2,9
1828,54015136E,4,6,S502教室,1712,40:c2:ba:46:f7:b6,a0:d3:65:5a:ff:f0,,1,13,10,1,0,,2024-00733(106),2,9
1829,54015156E,4,6,S503教室,1713,40:c2:ba:46:f7:b0,a0:d3:65:79:4f:37,,1,13,10,1,0,,2024-00733(107),2,9
1830,54015162E,4,6,S504教室,1714,40:c2:ba:47:08:de,a0:d3:65:22:18:fc,,1,13,10,1,0,,2024-00733(108),2,9
1831,54015143E,4,6,S505教室,1715,40:c2:ba:46:f7:91,a0:d3:65:79:51:7b,,1,13,10,1,0,,2024-00733(109),2,9
1832,54015128E,4,6,S506教室,1716,40:c2:ba:46:f7:a5,a0:d3:65:79:4f:7d,,1,13,10,1,0,,2024-00733(110),2,9
1833,54015119E,4,6,S507教室,1717,40:c2:ba:46:f7:5b,a0:d3:65:79:61:ca,,1,13,10,1,0,,2024-00733(111),2,9
1834,54015141E,12,4,開発作業室,2181,40:c2:ba:47:08:dc,a0:d3:65:5b:01:3a,2024/11/19 元sgkp5080，映像出力のアナログ変換不可で回収,1,13,8,1,0,,2024-00733(033),2,9
1835,54015131E,4,6,S509教室,1719,40:c2:ba:46:f7:84,a0:d3:65:79:61:d4,,1,13,10,1,0,,2024-00733(113),2,9
1836,54015666E,4,6,S510教室,1720,bc:ec:a0:3f:17:b4,a0:d3:65:49:cb:45,,1,13,10,1,0,,2024-00733(114),2,9
1837,54015236E,4,6,S511教室,1721,40:c2:ba:47:08:b5,a0:d3:65:45:96:79,,1,13,10,1,0,,2024-00733(115),2,9
1838,54015129E,4,6,S512教室,1722,40:c2:ba:46:f7:a6,a0:d3:65:79:4f:41,,1,13,10,1,0,,2024-00733(116),2,9
1839,54015338E,4,6,S513教室,1971,40:c2:ba:46:f7:aa,a0:d3:65:5b:01:2b,,1,13,10,1,0,,2024-00733(117),2,9
1840,54015375E,5,3,SR202教室,1669,40:c2:ba:47:08:c5,a0:d3:65:46:f2:94,,1,13,10,1,0,,2024-00733(122),2,9
1841,54015125E,5,3,SR203教室,1670,40:c2:ba:46:f7:5e,a0:d3:65:5b:01:08,,1,13,10,1,0,,2024-00733(123),2,9
1842,54015114E,5,3,SR204教室,1605,40:c2:ba:46:f7:5c,a0:d3:65:79:61:66,,1,13,10,1,0,,2024-00733(124),2,9
1843,54015163E,5,3,SR205教室,1728,40:c2:ba:47:08:dd,a0:d3:65:22:18:b1,,1,13,10,1,0,,2024-00733(125),2,9
1844,54015251E,5,3,SR207教室,1742,40:c2:ba:47:08:ba,a0:d3:65:49:cc:d5,,1,13,10,1,0,,2024-00733(129),2,9
1845,54015383E,5,3,SR208教室,1743,40:c2:ba:46:d4:10,a0:d3:65:20:63:c7,,1,13,10,1,0,,2024-00733(130),2,9
1846,54017747E,5,3,SR209教室,1744,40:c2:ba:46:f7:92,a0:d3:65:5b:00:4a,,1,13,10,1,0,,2024-00733(131),2,9
1847,54015207E,5,3,SR210教室,1745,40:c2:ba:47:08:eb,a0:d3:65:20:63:7c,,1,13,10,1,0,,2024-00733(132),2,9
1848,54015263E,5,4,SR301教室,1729,bc:ec:a0:3f:18:2c,a0:d3:65:45:83:0f,,1,13,10,1,0,,2024-00733(133),2,9
1849,54015244E,5,4,SR302教室,1730,40:c2:ba:47:08:e9,a0:d3:65:45:83:aa,,1,13,10,1,0,,2024-00733(134),2,9
1850,54015302E,5,4,SR303教室,1623,40:c2:ba:47:08:b4,a0:d3:65:45:95:39,,1,13,10,1,0,,2024-00733(135),2,9
1851,54015300E,5,4,SR304教室,1624,40:c2:ba:46:f7:86,a0:d3:65:45:96:6f,,1,13,10,1,0,,2024-00733(136),2,9
1852,54015265E,5,4,SR305教室,1625,40:c2:ba:46:d4:35,a0:d3:65:22:18:b6,,1,13,10,1,0,,2024-00733(137),2,9
1853,54015210E,5,4,SR306教室,1626,40:c2:ba:46:d4:32,a0:d3:65:22:18:9d,,1,13,10,1,0,,2024-00733(138),2,9
1854,54015109E,5,4,SR307教室,1726,40:c2:ba:46:f7:90,a0:d3:65:79:4f:73,,1,13,10,1,0,,2024-00733(139),2,9
1855,54015243E,5,4,SR308教室,1746,40:c2:ba:47:08:e8,a0:d3:65:45:83:2d,,1,13,10,1,0,,2024-00733(140),2,9
1856,54015183E,5,4,SR309教室,1747,40:c2:ba:46:d4:25,a0:d3:65:20:64:9e,,1,13,10,1,0,,2024-00733(141),2,9
1857,54015112E,5,4,SR310教室,1748,40:c2:ba:46:f7:3c,a0:d3:65:79:4f:3c,,1,13,10,1,0,,2024-00733(142),2,9
1858,54015297E,5,4,SR311教室,1749,40:c2:ba:46:f7:a4,a0:d3:65:45:96:8d,,1,13,10,1,0,,2024-00733(143),2,9
1859,54015225E,5,4,SR312教室,1750,40:c2:ba:47:08:f0,a0:d3:65:45:95:a7,,1,13,10,1,0,,2024-00733(144),2,9
1860,54015121E,5,5,SR401教室,1731,40:c2:ba:46:d4:01,a0:d3:65:5b:00:54,,1,13,10,1,0,,2024-00733(145),2,9
1861,54015228E,5,5,SR402教室,1732,40:c2:ba:46:d4:3e,a0:d3:65:22:18:a2,,1,13,10,1,0,,2024-00733(146),2,9
1862,54015486E,5,5,SR403教室,1751,40:c2:ba:46:d4:30,a0:d3:65:44:e6:8e,,1,13,10,1,0,,2024-00733(147),2,9
1863,54015254E,5,5,SR404教室,1752,40:c2:ba:46:d4:52,a0:d3:65:22:18:c5,,1,13,10,1,0,,2024-00733(148),2,9
1864,54015294E,5,5,SR405教室,1753,40:c2:ba:46:f7:1c,a0:d3:65:45:96:65,,1,13,10,1,0,,2024-00733(149),2,9
1865,54015220E,5,5,SR406教室,1754,40:c2:ba:46:d3:ff,a0:d3:65:22:0d:c6,,1,13,10,1,0,,2024-00733(150),2,9
1866,54015234E,5,5,SR407教室,1755,40:c2:ba:47:08:ef,a0:d3:65:45:95:3e,,1,13,10,1,0,,2024-00733(151),2,9
1867,54015249E,5,6,SR501教室,1733,40:c2:ba:47:08:b9,a0:d3:65:46:f0:a0,,1,13,10,1,0,,2024-00733(152),2,9
1868,54015396E,5,6,SR502教室,1734,40:c2:ba:46:f7:a0,a0:d3:65:45:96:92,,1,13,10,1,0,,2024-00733(153),2,9
1869,54015287E,5,6,SR503教室,1735,40:c2:ba:46:f7:60,a0:d3:65:79:61:ac,,1,13,10,1,0,,2024-00733(154),2,9
1870,54015206E,5,6,SR504教室,1736,40:c2:ba:47:08:d7,a0:d3:65:22:0d:bc,,1,13,10,1,0,,2024-00733(155),2,9
1871,54015189E,5,6,SR505教室,1737,40:c2:ba:46:d4:3d,a0:d3:65:20:63:b3,,1,13,10,1,0,,2024-00733(156),2,9
1872,54015115E,5,6,SR506教室,1756,40:c2:ba:46:f7:81,a0:d3:65:79:61:a2,,1,13,10,1,0,,2024-00733(157),2,9
1873,54015139E,5,6,SR507教室,1757,40:c2:ba:47:08:9d,a0:d3:65:79:51:c1,,1,13,10,1,0,,2024-00733(158),2,9
1874,54015708E,5,6,SR508教室,1758,40:c2:ba:47:08:9c,a0:d3:65:44:80:6d,,1,13,10,1,0,,2024-00733(159),2,9
1875,54015277E,5,6,SR509教室,1759,40:c2:ba:46:f7:57,a0:d3:65:5b:01:26,,1,13,10,1,0,,2024-00733(160),2,9
1876,54015282E,5,6,SR510教室,1760,40:c2:ba:46:f7:89,a0:d3:65:45:83:a5,,1,13,10,1,0,,2024-00733(161),2,9
1877,54015127E,5,6,SR511教室,1761,40:c2:ba:46:f7:99,a0:d3:65:79:61:b6,,1,13,10,1,0,,2024-00733(162),2,9
1878,54015238E,5,6,SR512教室,1762,40:c2:ba:47:08:a0,a0:d3:65:22:19:65,,1,13,10,1,0,,2024-00733(163),2,9
1879,54015296E,8,3,6201教室,1809,40:c2:ba:46:f7:23,a0:d3:65:45:95:1b,,1,13,10,1,0,,2024-00733(067),2,9
1880,54015307E,8,3,6202教室,1810,40:c2:ba:46:f7:72,a0:d3:65:45:83:a0,,1,13,10,1,0,,2024-00733(068),2,9
1881,54015237E,8,4,6301教室,1807,40:c2:ba:47:08:a7,a0:d3:65:22:0e:07,,1,13,10,1,0,,2024-00733(069),2,9
1882,54015177E,8,4,6302教室,1808,40:c2:ba:47:08:cb,a0:d3:65:22:18:ac,,1,13,10,1,0,,2024-00733(070),2,9
1883,54015323E,8,5,6401教室,1805,40:c2:ba:47:08:b1,a0:d3:65:79:64:4a,,1,13,10,1,0,,2024-00733(071),2,9
1884,54015280E,8,5,6402教室,1806,40:c2:ba:46:f7:be,a0:d3:65:44:e5:76,,1,13,10,1,0,,2024-00733(072),2,9
1885,54015161E,2,3,T201教室,1841,40:c2:ba:47:08:e1,a0:d3:65:20:63:bd,,1,13,10,1,0,,2024-00733(165),2,9
1886,54015245E,12,4,開発作業室,,40:c2:ba:47:08:b8,a0:d3:65:22:0d:e9,2025/5/13 液体こぼしにより故障・回収,1,13,8,1,0,,2024-00733(166),2,9
1887,54015209E,2,3,T203教室,1843,40:c2:ba:47:08:d2,a0:d3:65:22:0f:5b,,1,13,10,1,0,,2024-00733(167),2,9
1888,54015211E,2,3,T204教室,1598,40:c2:ba:47:08:9a,a0:d3:65:22:0d:ad,,1,13,10,1,0,,2024-00733(168),2,9
1889,54015152E,2,3,T205教室,1599,40:c2:ba:46:f7:3b,a0:d3:65:79:61:b1,,1,13,10,1,0,,2024-00733(169),2,9
1890,54015148E,2,4,T301教室,1844,40:c2:ba:46:f7:4b,a0:d3:65:5b:00:59,,1,13,10,1,0,,2024-00733(171),2,9
1891,54015126E,2,4,T302教室,1845,40:c2:ba:46:f7:ac,a0:d3:65:79:61:8e,,1,13,10,1,0,,2024-00733(172),2,9
1892,54015187E,2,4,T303教室,1600,40:c2:ba:46:d4:4c,a0:d3:65:22:0d:b7,,1,13,10,1,0,,2024-00733(173),2,9
1893,54015118E,2,4,T304教室,1601,40:c2:ba:46:f7:69,a0:d3:65:79:4f:14,,1,13,10,1,0,,2024-00733(174),2,9
1894,54015351E,2,4,T305教室,1602,40:c2:ba:47:08:e6,a0:d3:65:45:95:d9,,1,13,10,1,0,,2024-00733(175),2,9
1895,54015147E,2,4,T306教室,1603,40:c2:ba:46:f7:77,a0:d3:65:5b:01:67,,1,13,10,1,0,,2024-00733(176),2,9
1896,54015239E,2,5,T401教室,1604,40:c2:ba:47:08:fa,a0:d3:65:45:83:32,,1,13,10,1,0,,2024-00733(177),2,9
1897,54015224E,2,5,T402教室,1628,40:c2:ba:47:08:ab,a0:d3:65:45:95:43,,1,13,10,1,0,,2024-00733(178),2,9
1898,54015158E,2,5,T403教室,1629,40:c2:ba:47:08:a5,a0:d3:65:5b:01:12,,1,13,10,1,0,,2024-00733(179),2,9
1899,54015178E,3,5,B405教室,1662,40:c2:ba:47:08:d6,a0:d3:65:20:63:d1,,1,13,10,1,0,,2024-00733(181),2,9
1900,54015377E,3,5,B406教室,1663,bc:ec:a0:3f:18:1e,a0:d3:65:22:0d:9e,,1,13,10,1,0,,2024-00733(182),2,9
1901,54015267E,4,6,S508教室,1718,40:c2:ba:46:d4:17,a0:d3:65:20:63:f9,2024/11/19 元patpc106,1,13,10,1,0,,2024-00733(112),2,9
1902,54015223E,12,4,開発作業室,2182,40:c2:ba:46:f7:30,a0:d3:65:22:0e:7a,2024/10/30　bb環境クライアント,1,13,8,3,0,,2024-00733(034),,9
1903,54015295E,12,3,10201教室,2183,40:c2:ba:46:f7:8a,a0:d3:65:45:83:0a,,1,13,10,1,0,,2024-00733(001),2,9
1904,54015153E,12,3,10202教室,2184,40:c2:ba:46:f7:7e,a0:d3:65:79:61:cf,,1,13,10,1,0,,2024-00733(002),2,9
1905,54015145E,12,3,10203教室,2185,40:c2:ba:47:08:ad,a0:d3:65:5b:01:35,,1,13,10,1,0,,2024-00733(003),2,9
1906,54015610E,12,3,10204教室,2186,40:c2:ba:46:f7:75,a0:d3:65:5b:01:30,,1,13,10,1,0,,2024-00733(004),2,9
1907,54015146E,12,3,10205教室,2187,40:c2:ba:46:f7:6a,a0:d3:65:79:61:93,,1,13,10,1,0,,2024-00733(005),2,9
1908,54015336E,12,3,10206教室,2188,40:c2:ba:46:f7:63,a0:d3:65:79:64:68,,1,13,10,1,0,,2024-00733(006),2,9
1909,54015164E,12,4,10302教室,2189,40:c2:ba:47:08:ae,a0:d3:65:22:19:8d,,1,13,10,1,0,,2024-00733(007),2,9
1910,54015286E,12,5,10401教室,2190,40:c2:ba:47:08:df,a0:d3:65:45:95:cf,,1,13,10,1,0,,2024-00733(009),2,9
1911,54015279E,12,5,10403教室,2191,40:c2:ba:46:d4:26,a0:d3:65:22:0d:df,,1,13,10,1,0,,2024-00733(010),2,9
1912,54015194E,12,4,3F教材準備室,2192,40:c2:ba:47:08:ec,a0:d3:65:20:63:c2,,1,13,4,1,0,,2024-00733(011),4,9
1913,54015216E,12,4,3F教材準備室,2193,40:c2:ba:46:f7:6f,a0:d3:65:5b:16:2f,,1,13,4,1,0,,2024-00733(012),4,9
1914,54015298E,12,5,4F教材準備室,2194,40:c2:ba:46:f7:6d,a0:d3:65:45:95:de,,1,13,4,1,0,,2024-00733(013),4,9
1915,54015195E,12,5,4F教材準備室,2195,bc:ec:a0:3f:17:81,a0:d3:65:22:0d:cb,,1,13,4,1,0,,2024-00733(014),4,9
1916,54015179E,12,4,開発作業室,2196,40:c2:ba:46:d4:4e,a0:d3:65:22:19:6f,2026/3撤去（元11202教室設置）,1,13,8,1,0,,2024-00733(046),2,9
1917,54015149E,13,2,教員室,2197,40:c2:ba:46:f7:3e,a0:d3:65:79:4f:78,,1,13,4,1,0,,2024-00733(047),4,9
1918,54015429E,14,4,12306教室,2198,40:c2:ba:46:f7:ba,a0:d3:65:79:4f:2d,,1,13,10,1,0,,2024-00733(048),2,9
1919,54015293E,15,3,13223教員室,2199,40:c2:ba:46:f7:a3,a0:d3:65:45:95:52,,1,13,4,1,0,,2024-00733(050),4,9
1920,54015268E,15,3,13223教員室,2200,40:c2:ba:46:d4:2c,a0:d3:65:5b:01:44,,1,13,4,1,0,,2024-00733(051),4,9
1921,54015430E,16,2,14110教員室,2201,40:c2:ba:46:f7:61,a0:d3:65:79:4f:55,,1,13,4,1,0,,2024-00733(055),4,9
1922,54015394E,17,2,15101教員室,2202,bc:ec:a0:3f:17:7b,a0:d3:65:45:96:74,,1,13,4,1,0,,2024-00733(056),4,9
1923,54015232E,7,3,5201教室,2203,40:c2:ba:47:08:ac,a0:d3:65:22:19:4c,,1,13,10,1,0,,2024-00733(061),2,9
1924,54015172E,7,3,5202教室,2204,40:c2:ba:47:08:c7,a0:d3:65:22:0e:0c,,1,13,10,1,0,,2024-00733(062),2,9
1925,54015299E,7,2,51A5教員室,2205,40:c2:ba:46:f7:6b,a0:d3:65:45:95:c5,,1,13,4,1,0,,2024-00733(057),4,9
1926,54015160E,7,2,51A5教員室,2206,40:c2:ba:47:08:a6,a0:d3:65:5b:01:4e,,1,13,4,1,0,,2024-00733(058),4,9
1927,54015250E,7,2,51A5教員室,2207,40:c2:ba:47:08:f9,a0:d3:65:44:e5:58,,1,13,4,1,0,,2024-00733(059),4,9
1928,54015275E,7,2,51A5教員室,2208,40:c2:ba:46:f7:c5,a0:d3:65:45:84:13,,1,13,4,1,0,,2024-00733(060),4,9
1929,54015192E,11,4,物入,2209,40:c2:ba:47:08:a4,a0:d3:65:22:0e:8e,,1,13,4,1,0,,2024-00733(073),4,9
1930,54015664E,4,3,S207教室,2210,40:c2:ba:46:f7:4c,a0:d3:65:44:8b:fd,,1,13,10,1,0,,2024-00733(078),2,9
1931,54015658E,4,3,S208教室,2211,40:c2:ba:46:d4:21,a0:d3:65:45:45:11,,1,13,10,1,0,,2024-00733(079),2,9
1932,54015123E,4,3,S214教室,2212,40:c2:ba:46:d4:2f,a0:d3:65:5b:01:5d,,1,13,10,1,0,,2024-00733(081),2,9
1933,54015460E,4,2,教員室,2213,40:c2:ba:47:08:d9,a0:d3:65:47:03:9c,,1,13,4,1,0,,2024-00733(118),4,9
1934,54015247E,4,2,教員室,2214,40:c2:ba:47:08:d8,a0:d3:65:22:19:01,,1,13,4,1,0,,2024-00733(119),4,9
1935,54015468E,4,2,教員室,2215,40:c2:ba:47:08:9b,a0:d3:65:79:64:4f,,1,13,4,1,0,,2024-00733(120),4,9
1936,54015205E,4,2,教員室,2216,40:c2:ba:47:08:c8,a0:d3:65:22:0e:c0,,1,13,4,1,0,,2024-00733(121),4,9
1937,54015171E,5,3,SR206教員室,2217,40:c2:ba:47:08:e4,a0:d3:65:22:19:79,,1,13,4,1,0,,2024-00733(126),4,9
1938,54015359E,5,3,SR206教員室,2218,40:c2:ba:47:08:e2,a0:d3:65:22:0e:75,,1,13,4,1,0,,2024-00733(127),4,9
1939,54015154E,5,3,SR206教員室,2219,40:c2:ba:46:f7:3d,a0:d3:65:79:51:99,,1,13,4,1,0,,2024-00733(128),4,9
1940,54015150E,30,3,教員室,2220,40:c2:ba:46:f7:7a,a0:d3:65:79:4f:0a,,1,13,4,1,0,,2024-00733(164),4,9
1941,54015180E,2,3,T206教員室,2221,40:c2:ba:46:d4:24,a0:d3:65:20:63:b8,,1,13,4,1,0,,2024-00733(170),4,9
1942,54015303E,3,4,B328教員室,2222,40:c2:ba:47:08:f1,a0:d3:65:44:e6:89,,1,13,4,1,0,,2024-00733(180),4,9
1943,54015157E,12,4,MiCSカウンタ,900,40:c2:ba:46:f7:70,a0:d3:65:79:4f:28,subop用,1,13,9,1,0,,2024-00733(015),,9
1944,54015272E,12,4,MiCSカウンタ,896,40:c2:ba:46:d4:4a,a0:d3:65:22:18:98,教員ヘルプ用,1,13,9,1,0,,2024-00733(016),,9
1945,54015111E,12,4,MiCSカウンタ,897,40:c2:ba:46:f7:43,a0:d3:65:79:4e:e7,,1,13,9,1,0,,2024-00733(017),,9
1946,54015219E,12,4,MiCSカウンタ,898,bc:ec:a0:3f:18:fd,a0:d3:65:22:19:60,,1,13,9,1,0,,2024-00733(018),,9
1947,54015358E,12,4,MiCSカウンタ,899,40:c2:ba:46:f7:41,a0:d3:65:79:64:86,,1,13,9,1,0,,2024-00733(019),,9
1948,54015252E,12,4,MiCSカウンタ,2144,bc:ec:a0:3f:18:2b,a0:d3:65:22:19:88,,1,13,9,1,0,,2024-00733(020),,9
1949,54015181E,12,4,MiCSカウンタ,2145,40:c2:ba:46:d4:4d,a0:d3:65:22:18:7f,,1,13,9,1,0,,2024-00733(021),,9
1950,54015276E,12,4,コンテンツ室カウンタ,901,40:c2:ba:46:f7:5f,a0:d3:65:5b:16:2a,,1,13,9,1,0,,2024-00733(022),,9
1951,54015332E,12,4,情報センター,873,40:c2:ba:46:f7:a8,a0:d3:65:46:f1:f4,塚本さん動作確認用,1,13,8,1,0,,2024-00733(041),,9
1952,54015825E,12,4,開発作業室,2223,40:c2:ba:46:f7:b9,a0:d3:65:51:9d:f7,,1,13,8,1,0,,2024-00733(035),,9
1953,54015235E,12,4,開発作業室,2224,40:c2:ba:46:d4:2a,a0:d3:65:22:19:24,,1,13,8,1,0,,2024-00733(036),,9
1954,54015214E,2,3,T202教室,1842,bc:ec:a0:3f:18:63,a0:d3:65:22:0f:56,2025/7/31設置（元patpc110）,1,13,10,1,0,,2024-00733(037),2,9
1955,54015230E,12,4,開発作業室,2226,40:c2:ba:47:08:c2,a0:d3:65:22:0d:ee,2025/5/31 ローカルブートにて教材コンテンツ制作室の予備機として使用,1,13,8,1,0,,2024-00733(038),,9
1956,PF1Q4EYQ,12,4,開発作業室,2228,98:fa:9b:24:2f:12,58:a0:23:36:51:aa,,1,3,8,1,1,,,,
1957,PF1KP9WF,12,4,開発作業室,2229,98:fa:9b:17:5a:07,58:a0:23:64:84:4e,,1,3,8,1,1,,,,
1958,PF1Q4BAZ,12,4,開発作業室,2230,98:fa:9b:24:2e:d2,58:a0:23:36:51:0a,,1,3,8,1,1,,,,
1959,PF1Q3936,12,4,開発作業室,2231,98:fa:9b:24:2a:26,98:fa:9b:24:2a:26,2025.12.02 大隅さんに貸出,1,3,8,1,1,,,,
1970,PF1Q4DT5,12,4,情報センター,2241,98:fa:9b:17:58:d7,58:a0:23:1a:dd:67,テプラ印字用（ネットワーク接続なし前提）,1,3,8,3,0,2019-秋-018,2019-02126,,
1971,75232404H,12,4,開発作業室,875,bc:ec:a0:3f:18:78,,新庄さん,1,14,8,3,0,,,,9
